H0070,1.34,110.00,40.5400,-111.5100
H0092,0.45,100.00,35.6100,-77.3700
H0092,0.45,220.00,35.6100,-77.3700
H0097,0.45,100.00,37.2700,-79.9400
H0092,0.89,180.00,35.6100,-77.3700
H0097,0.00,320.00,37.2700,-79.9400
H0092,1.34,70.00,35.6100,-77.3700
H0097,0.00,320.00,37.2700,-79.9400
H0003,0.00,230.00,37.5100,-90.3300
H0344,0.00,240.00,39.1900,-84.2100
H0004,0.45,190.00,32.7700,-117.0500
H0364,0.00,10.00,39.0350,-76.9080
H0005,0.00,240.00,43.6425,-80.0756
H0010,0.00,250.00,46.3000,-63.1000
H0012,0.00,160.00,32.5800,-97.3500
H0024,1.79,0.00,45.3380,-123.0960
H0025,0.00,90.00,29.4400,-95.1000
H0029,0.00,170.00,38.5400,-90.3100
H0299,0.00,140.00,31.3100,-92.4400
H0168,0.00,170.00,31.3020,-86.2549
H0366,0.00,60.00,35.9030,-93.2550
H0182,0.00,40.00,33.4077,-111.5728
H0163,0.00,230.00,35.1300,-111.6700
H0322,0.00,20.00,33.5655,-112.0536
H0031,0.00,350.00,33.5800,-86.0500
H0032,0.00,40.00,36.1500,-86.3500
H0339,1.34,190.00,33.8900,-118.1300
H0252,0.45,120.00,32.6400,-117.0830
H0300,0.00,90.00,38.8000,-122.9900
H0223,0.00,40.00,34.2369,-117.2872
H0294,0.00,240.00,32.7500,-116.9300
H0232,0.45,30.00,37.4600,-122.2700
H0346,1.79,150.00,38.6650,-121.1650
H0153,1.34,320.00,39.4388,-123.7824
H0266,1.34,310.00,40.5900,-124.1500
H0238,0.00,160.00,33.4900,-117.4000
H0158,4.92,200.00,34.6900,-118.1800
H0284,0.00,140.00,39.3400,-121.0800
H0268,3.58,190.00,38.5423,-121.3695
H0164,0.45,270.00,35.2600,-120.7100
H0269,0.00,150.00,37.0600,-121.6100
H0259,0.89,260.00,37.9800,-122.5200
H0324,0.00,130.00,38.9393,-119.9811
H0348,3.58,210.00,35.1900,-118.6000
H0349,1.34,270.00,40.0900,-105.3400
H0185,1.34,90.00,40.0480,-107.8300
H0305,0.89,230.00,38.3000,-104.5700
H0209,2.68,170.00,39.7225,-106.1040
H0350,0.00,160.00,41.3490,-73.1850
H0035,0.00,50.00,36.3700,-82.1000
H0036,0.00,240.00,42.5519,-71.7558
H0038,0.00,300.00,34.0500,-84.5500
H0040,0.00,240.00,38.3700,-122.8200
H0224,0.00,220.00,26.3000,-80.0300
H0351,0.00,80.00,28.4840,-80.8030
H0270,0.00,190.00,26.1300,-80.1200
H0240,0.00,300.00,30.4010,-86.8640
H0340,1.34,60.00,28.5300,-81.2000
H0296,0.45,20.00,34.1461,-84.1069
H0186,0.00,70.00,34.4500,-84.5700
H0234,0.00,90.00,34.0142,-84.3574
H0041,0.00,100.00,36.1300,-79.8000
H0195,0.00,150.00,41.3200,-93.5600
H0190,0.00,130.00,43.5800,-116.2400
H0211,0.00,260.00,41.8481,-88.3145
H0261,0.89,280.00,42.2099,-88.3536
H0109,0.00,190.00,41.3200,-88.3400
H0286,2.68,60.00,43.1500,-93.2000
H0271,0.45,80.00,38.3000,-85.9600
H0320,3.13,160.00,38.9774,-94.9395
H0205,0.89,190.00,38.8900,-94.7500
H0255,0.00,60.00,32.3908,-93.5740
H0287,0.00,220.00,42.4100,-71.1500
H0212,0.00,170.00,42.0638,-71.0314
H0272,0.89,220.00,42.2400,-71.5800
H0306,0.00,240.00,42.1969,-70.7212
H0297,0.00,160.00,42.0685,-71.6256
H0334,0.00,80.00,39.1700,-77.2100
H0307,0.00,50.00,44.8100,-93.3100
H0327,1.34,80.00,46.7830,-92.1060
H0273,1.34,290.00,44.4700,-94.8100
H0354,0.00,150.00,45.3060,-93.7940
H0216,0.00,110.00,45.0870,-93.0850
H0342,0.00,60.00,36.4500,-89.9200
H0263,0.00,0.00,35.2800,-81.6800
H0335,1.79,220.00,41.6800,-96.5500
H0355,1.34,150.00,40.7900,-96.6320
H0241,0.00,160.00,41.1200,-96.1100
H0328,0.00,170.00,42.9290,-71.1880
H0177,0.00,180.00,41.2000,-74.4300
H0172,3.13,110.00,36.6900,-108.5000
H0217,0.00,220.00,33.3620,-105.6540
H0140,0.00,250.00,42.9730,-73.8390
H0357,0.00,150.00,40.7100,-73.6400
H0290,0.00,160.00,43.1600,-77.5600
H0141,0.00,230.00,41.1510,-74.1972
H0304,0.00,350.00,40.8436,-73.1768
H0251,0.00,150.00,42.0780,-76.0200
H0309,0.00,160.00,40.0100,-83.1100
H0220,1.34,180.00,45.3200,-122.5800
H0159,0.00,200.00,45.3540,-122.8420
H0227,0.00,160.00,44.7500,-122.9400
H0179,0.00,130.00,40.1507,-75.0801
H0336,0.00,180.00,40.0360,-75.5140
H0229,0.00,140.00,40.5373,-79.9118
H0313,0.00,340.00,34.8721,-82.2862
H0329,0.00,210.00,34.6307,-82.5117
H0298,0.00,230.00,44.0449,-103.2330
H0292,0.00,40.00,36.0800,-86.9400
H0360,1.34,120.00,33.1540,-97.0640
H0330,0.45,160.00,32.7232,-96.8467
H0180,0.00,150.00,30.7100,-97.7300
H0311,0.00,150.00,29.5984,-95.1065
H0278,0.45,100.00,32.9320,-96.4590
H0280,0.00,150.00,30.5844,-97.4156
H0148,0.00,80.00,30.0700,-95.7000
H0362,0.00,200.00,40.7500,-111.8700
H0293,0.00,200.00,38.2500,-78.5300
H0231,0.00,70.00,37.6510,-78.2990
H0174,0.00,10.00,37.1800,-77.5000
H0363,0.00,170.00,48.2500,-121.6100
H0181,0.00,50.00,47.6133,-122.0472
H0331,0.00,0.00,45.7100,-122.6200
H0282,1.34,240.00,44.7900,-91.5200
H0052,0.00,90.00,41.3700,-73.2300
H0059,0.00,80.00,45.8340,-77.1470
H0060,0.00,180.00,40.8200,-74.3020
H0062,0.00,90.00,35.8500,-78.1700
H0068,0.00,100.00,45.5600,-94.1600
H0069,0.00,90.00,44.5400,-91.2400
H0072,4.02,180.00,34.5000,-117.9600
H0080,0.00,220.00,44.5030,-72.2190
H0083,0.00,150.00,33.6900,-78.8900
H0084,0.89,300.00,35.0500,-85.3100
H0085,0.00,130.00,39.8000,-75.6800
H0086,0.89,80.00,33.5200,-86.8000
H0087,1.34,150.00,33.5300,-82.2400
H0088,0.00,130.00,36.3100,-82.3500
H0089,0.45,170.00,32.3000,-90.1800
H0091,0.45,10.00,30.1600,-85.6600
H0094,0.00,210.00,49.7800,-97.2000
H0097,0.00,320.00,37.2700,-79.9400
H0098,0.00,110.00,40.8900,-74.2100
NP018,1.20,223.00,41.5100,-71.3300
NP019,1.40,168.00,41.8100,-71.4000
NP020,3.80,192.00,41.7170,-71.3430
NP022,3.00,212.00,41.7050,-71.1730
NP023,1.00,206.00,41.6350,-71.3400
NP024,2.00,244.00,41.5850,-71.4080
NP003,2.40,108.00,39.2100,-76.2500
NP004,2.00,22.00,38.3200,-76.4500
NP011,2.90,68.00,37.1700,-75.9900
NP002,3.00,78.00,38.0000,-76.4600
NP008,7.60,70.00,36.9700,-76.1100
NP013,0.50,64.00,36.7780,-76.3020
NP025,4.00,72.00,27.8570,-82.5530
NP026,4.70,96.00,27.7600,-82.6270
NP028,2.80,105.00,27.6620,-82.5950
NP030,2.40,128.00,29.2830,-94.7830
NP033,2.10,150.00,29.5000,-94.9160
NP034,0.00,0.00,29.6830,-94.9830
NP015,0.00,0.00,40.6400,-74.1470
NP014,0.00,0.00,40.4700,-74.0000
NP017,0.10,110.00,40.8100,-74.0150
NP016,0.00,0.00,40.6570,-74.0650
BMTC2,6.71,195.00,39.8700,-105.2970
QURC2,5.86,140.00,39.6390,-104.7690
DHPC2,3.00,180.00,39.7540,-105.0160
EBBC2,7.38,219.00,39.2450,-104.5890
BHNC2,5.50,135.00,39.9930,-104.8170
SQWC2,6.48,218.00,39.6810,-105.4960
HGCC2,0.00,88.00,39.6720,-105.3470
HIGC2,5.95,169.00,39.5620,-105.0190
SAPC2,4.65,220.00,39.4990,-104.7760
COKC2,3.08,202.00,39.3760,-104.8460
WRDC2,1.83,231.00,40.0350,-105.5410
SFSC2,1.70,231.00,40.0180,-105.4040
LEWC2,4.07,169.00,39.9920,-105.1530
CALC2,1.70,208.00,40.1480,-105.3900
BTRC2,0.94,304.00,40.2210,-105.3690
URBC2,4.87,197.00,39.7680,-104.8690
MN008,3.61,135.00,43.6387,-95.1185
MN009,3.06,95.00,43.6631,-94.1224
MN015,1.94,75.00,45.8377,-95.3662
MN020,0.00,0.00,46.6882,-93.9545
MN021,4.72,90.00,44.9493,-95.4095
MN024,2.50,115.00,48.5724,-96.9149
MN025,1.94,165.00,48.8195,-95.9610
MN069,0.56,105.00,44.2848,-91.9897
MN082,1.39,30.00,46.7718,-92.1150
MN083,0.83,350.00,47.0944,-91.5518
MN091,0.83,155.00,46.9241,-92.4131
NP018,0.90,230.00,41.5100,-71.3300
NP019,2.00,172.00,41.8100,-71.4000
NP020,4.00,191.00,41.7170,-71.3430
NP022,3.80,216.00,41.7050,-71.1730
NP023,1.00,212.00,41.6350,-71.3400
NP024,2.10,235.00,41.5850,-71.4080
NP003,2.00,107.00,39.2100,-76.2500
NP004,2.30,36.00,38.3200,-76.4500
NP011,2.90,66.00,37.1700,-75.9900
NP002,3.60,67.00,38.0000,-76.4600
NP010,2.80,122.00,36.9500,-76.4000
NP008,7.80,71.00,36.9700,-76.1100
NP013,0.40,68.00,36.7780,-76.3020
NP025,4.30,70.00,27.8570,-82.5530
NP026,5.00,92.00,27.7600,-82.6270
NP028,3.10,104.00,27.6620,-82.5950
NP029,3.10,82.00,27.9150,-82.4320
NP030,2.10,120.00,29.2830,-94.7830
NP033,2.20,144.00,29.5000,-94.9160
NP034,0.00,0.00,29.6830,-94.9830
QRAA3,5.81,10.00,33.9044,-109.9536
QRCA3,1.79,90.00,31.7611,-109.3486
NS007,0.89,70.00,32.3167,-110.8133
NS008,0.45,70.00,35.9900,-112.1200
CKSC1,2.24,30.00,37.1317,-122.1700
TMPA1,0.00,160.00,41.1000,-123.6333
DBLC1,6.71,210.00,37.3292,-121.2939
EPKC1,1.79,330.00,39.9278,-122.6569
FHCC1,6.26,160.00,32.9903,-116.0669
LAHC1,1.34,170.00,37.3053,-122.2539
LMOC1,6.71,250.00,37.7119,-121.8136
LTHC1,0.45,80.00,34.0178,-116.1878
MTQC1,0.45,360.00,37.0544,-119.3711
TMPE2,0.00,300.00,33.7625,-117.4828
LGCC2,0.89,350.00,37.3517,-107.9150
BFRI1,0.89,340.00,42.3592,-116.6922
F1766,0.89,90.00,37.0555,-84.6150
F1673,1.79,360.00,32.3089,-89.4900
F1845,0.89,360.00,30.8489,-89.0342
TR269,1.79,260.00,45.5842,-109.8517
NS032,1.79,240.00,45.3333,-110.2167
TR275,0.00,160.00,44.6678,-111.1006
PRDM8,1.34,350.00,47.2697,-114.9161
SPBM8,0.00,20.00,47.9239,-113.5247
NS041,1.79,60.00,45.4511,-111.2189
NS045,2.68,290.00,45.1569,-109.3606
TR525,7.15,350.00,40.1731,-115.4855
CLFO3,5.81,210.00,42.6314,-121.5597
CQFO3,0.00,280.00,42.5769,-121.8936
FAFO3,4.02,310.00,44.8142,-117.7289
OYFO3,0.00,300.00,42.9764,-121.4219
SHFO3,2.68,50.00,43.5153,-119.2925
SDFO3,1.79,220.00,42.4075,-122.1914
BRAU1,0.00,180.00,40.8844,-110.8292
HOHU1,1.79,200.00,38.6667,-112.6508
HURW1,2.68,180.00,47.9678,-123.6347
NP030,2.10,117.00,29.2830,-94.7830
NP033,2.40,152.00,29.5000,-94.9160
NP034,0.00,0.00,29.6830,-94.9830
NP015,0.20,146.00,40.6400,-74.1470
NP014,0.00,0.00,40.4700,-74.0000
NP017,1.00,157.00,40.8100,-74.0150
NP016,0.00,0.00,40.6570,-74.0650
H0344,0.00,240.00,39.1900,-84.2100
H0004,0.45,200.00,32.7700,-117.0500
H0012,1.34,150.00,32.5800,-97.3500
H0017,1.79,190.00,38.9037,-94.8303
H0019,0.89,190.00,44.1700,-80.3900
H0020,0.00,90.00,33.3445,-111.7407
H0024,1.34,350.00,45.3380,-123.0960
H0025,0.00,90.00,29.4400,-95.1000
H0299,0.45,140.00,31.3100,-92.4400
H0366,0.89,70.00,35.9030,-93.2550
H0322,1.34,20.00,33.5655,-112.0536
H0031,0.00,350.00,33.5800,-86.0500
H0032,0.00,40.00,36.1500,-86.3500
H0339,1.34,190.00,33.8900,-118.1300
H0300,0.00,90.00,38.8000,-122.9900
H0222,0.00,0.00,39.7535,-123.2077
H0294,1.34,150.00,32.7500,-116.9300
H0346,1.79,190.00,38.6650,-121.1650
H0266,0.89,280.00,40.5900,-124.1500
H0197,0.00,0.00,38.5100,-122.5900
H0237,0.00,170.00,38.6200,-122.8700
H0158,5.36,210.00,34.6900,-118.1800
H0347,1.34,120.00,38.8850,-121.2980
H0284,0.00,30.00,39.3400,-121.0800
H0345,1.79,210.00,34.5500,-118.0700
H0267,0.00,210.00,40.5900,-122.3900
H0268,1.79,180.00,38.5423,-121.3695
H0164,1.34,160.00,35.2600,-120.7100
H0269,0.00,140.00,37.0600,-121.6100
H0259,0.00,290.00,37.9800,-122.5200
H0324,0.00,230.00,38.9393,-119.9811
H0348,3.13,210.00,35.1900,-118.6000
H0305,1.34,310.00,38.3000,-104.5700
H0189,0.00,150.00,41.7004,-72.0206
H0036,0.00,240.00,42.5519,-71.7558
H0040,0.00,240.00,38.3700,-122.8200
H0351,0.00,80.00,28.4840,-80.8030
H0295,1.34,50.00,28.7900,-81.3400
H0270,0.00,190.00,26.1300,-80.1200
H0340,0.00,70.00,28.5300,-81.2000
H0312,1.34,120.00,28.1752,-80.6022
H0315,0.00,90.00,27.8000,-80.4800
H0296,0.00,70.00,34.1461,-84.1069
H0353,0.00,200.00,40.4000,-91.3770
H0183,4.92,60.00,43.0786,-92.3375
H0246,2.24,170.00,40.7500,-95.6400
H0198,0.00,100.00,43.6477,-116.3141
H0167,0.00,150.00,47.6500,-116.8800
H0261,0.89,280.00,42.2099,-88.3536
H0109,0.00,180.00,41.3200,-88.3400
H0286,1.34,100.00,43.1500,-93.2000
H0271,0.00,80.00,38.3000,-85.9600
H0287,1.79,210.00,42.4100,-71.1500
H0272,0.00,220.00,42.2400,-71.5800
H0306,0.00,240.00,42.1969,-70.7212
H0297,0.00,160.00,42.0685,-71.6256
H0188,0.00,90.00,39.2510,-76.5210
H0213,0.00,270.00,38.3000,-76.5080
H0334,0.00,80.00,39.1700,-77.2100
H0253,0.00,190.00,45.1721,-93.2566
H0307,0.00,50.00,44.8100,-93.3100
H0327,0.89,110.00,46.7830,-92.1060
H0273,1.34,290.00,44.4700,-94.8100
H0354,0.00,190.00,45.3060,-93.7940
H0216,0.00,110.00,45.0870,-93.0850
H0342,0.00,60.00,36.4500,-89.9200
H0263,0.00,20.00,35.2800,-81.6800
H0335,1.34,150.00,41.6800,-96.5500
H0355,1.34,190.00,40.7900,-96.6320
H0328,0.89,170.00,42.9290,-71.1880
H0137,0.00,160.00,40.6890,-73.3330
H0196,0.00,120.00,42.9350,-78.7150
H0357,0.00,150.00,40.7100,-73.6400
H0308,0.00,260.00,41.1700,-73.9600
H0257,1.79,190.00,44.7000,-73.4600
H0141,0.00,230.00,41.1510,-74.1972
H0304,0.00,350.00,40.8436,-73.1768
H0291,0.00,10.00,39.2600,-84.5800
H0309,0.00,160.00,40.0100,-83.1100
H0359,0.00,110.00,41.2970,-74.8940
H0193,0.00,110.00,39.7560,-77.5780
H0337,0.45,200.00,41.5500,-71.3000
H0313,0.45,340.00,34.8721,-82.2862
H0329,0.00,210.00,34.6307,-82.5117
H0298,0.00,230.00,44.0449,-103.2330
H0247,1.79,10.00,44.4210,-103.5571
H0292,0.00,40.00,36.0800,-86.9400
H0310,2.24,130.00,32.5100,-99.7300
H0201,0.00,160.00,32.6500,-97.1100
H0318,0.89,120.00,30.2070,-97.9372
H0236,0.00,110.00,34.0980,-98.5700
H0202,0.00,140.00,32.9300,-96.9400
H0360,1.34,120.00,33.1540,-97.0640
H0330,0.00,160.00,32.7232,-96.8467
H0311,0.00,150.00,29.5984,-95.1065
H0203,0.00,110.00,30.1700,-95.4400
H0278,0.89,90.00,32.9320,-96.4590
H0280,0.00,150.00,30.5844,-97.4156
H0362,0.00,280.00,40.7500,-111.8700
H0293,0.00,240.00,38.2500,-78.5300
H0281,0.00,60.00,37.7700,-79.4500
H0331,0.00,0.00,45.7100,-122.6200
H0282,0.00,250.00,44.7900,-91.5200
H0048,2.24,200.00,39.7500,-104.5000
H0052,0.00,90.00,41.3700,-73.2300
H0059,0.00,80.00,45.8340,-77.1470
H0060,0.00,180.00,40.8200,-74.3020
H0062,0.00,90.00,35.8500,-78.1700
H0064,0.89,270.00,40.3000,-74.0000
H0068,0.45,90.00,45.5600,-94.1600
H0069,1.34,180.00,44.5400,-91.2400
H0072,4.92,200.00,34.5000,-117.9600
H0083,0.00,150.00,33.6900,-78.8900
H0084,0.45,300.00,35.0500,-85.3100
H0085,0.00,130.00,39.8000,-75.6800
H0086,0.45,60.00,33.5200,-86.8000
H0087,0.89,150.00,33.5300,-82.2400
H0088,0.89,130.00,36.3100,-82.3500
H0089,0.00,170.00,32.3000,-90.1800
H0091,1.34,20.00,30.1600,-85.6600
H0095,0.00,0.00,32.0800,-81.1000
BMTC2,6.26,226.00,39.8700,-105.2970
QURC2,4.29,191.00,39.6390,-104.7690
DHPC2,2.37,163.00,39.7540,-105.0160
EBBC2,6.26,236.00,39.2450,-104.5890
BHNC2,3.71,169.00,39.9930,-104.8170
SQWC2,7.64,204.00,39.6810,-105.4960
HGCC2,0.00,109.00,39.6720,-105.3470
HIGC2,5.10,180.00,39.5620,-105.0190
SAPC2,4.56,231.00,39.4990,-104.7760
COKC2,3.04,180.00,39.3760,-104.8460
WRDC2,1.79,242.00,40.0350,-105.5410
SFSC2,1.70,231.00,40.0180,-105.4040
LEWC2,3.17,169.00,39.9920,-105.1530
CALC2,1.70,208.00,40.1480,-105.3900
BTRC2,0.94,304.00,40.2210,-105.3690
URBC2,3.89,182.00,39.7680,-104.8690
SADDL,6.48,177.00,40.0556,-105.5889
D1,9.82,191.00,40.0710,-105.6208
C1,1.75,264.00,40.0363,-105.5436
BLDF1,1.73,71.10,26.6680,-80.6320
PHAF1,0.50,75.80,29.6961,-81.9832
TRAF1,1.33,58.54,29.4100,-82.1700
ALHF1,3.28,79.20,29.8030,-82.4110
STNF1,1.14,35.57,29.6930,-81.4450
CKHF1,1.79,77.30,29.0200,-81.9690
VRSF1,2.79,101.70,28.7893,-81.7479
UMLF1,2.79,86.80,28.9194,-81.6310
KHPF1,2.38,83.30,28.6820,-81.8860
VLNF1,0.51,20.77,28.4730,-81.6490
KSLF1,3.83,72.60,28.6350,-82.2850
POPF1,2.01,80.70,28.6420,-81.5493
FDLF1,0.40,328.60,26.0870,-80.2420
PCEF1,1.36,51.90,27.4260,-80.4020
STDF1,1.22,94.50,25.5090,-80.4990
IMKF1,1.93,51.94,26.4620,-81.4400
MN001,3.06,95.00,43.5083,-93.3541
MN003,3.61,110.00,44.4785,-93.2924
MN004,1.11,185.00,45.6429,-92.9928
MN006,7.50,135.00,43.6083,-96.3779
MN007,5.28,105.00,43.6373,-95.7699
MN008,3.61,140.00,43.6387,-95.1185
MN009,1.94,110.00,43.6631,-94.1224
MN010,3.33,105.00,43.7272,-92.6814
MN011,3.33,150.00,43.9556,-92.2051
MN012,1.94,75.00,43.9119,-91.5436
MN013,2.50,140.00,46.8468,-96.6681
MN014,4.44,50.00,46.4907,-96.2913
MN015,1.67,130.00,45.8377,-95.3662
MN016,2.50,70.00,45.7131,-94.9314
MN017,0.83,195.00,45.3947,-94.0256
MN018,1.11,75.00,47.8743,-94.4324
MN020,1.94,350.00,46.6882,-93.9545
MN021,5.28,80.00,44.9493,-95.4095
MN022,2.50,120.00,44.9061,-93.9864
MN024,2.50,115.00,48.5724,-96.9149
MN025,2.50,155.00,48.8195,-95.9610
MN026,0.28,145.00,48.6277,-94.0671
MN028,6.39,100.00,44.2703,-96.3200
MN029,6.11,85.00,44.0216,-92.7082
MN030,3.61,85.00,44.4589,-96.4352
MN032,3.33,60.00,44.5432,-94.4141
MN033,5.00,95.00,44.6916,-95.6140
MN035,1.11,60.00,46.1443,-94.1041
MN036,2.50,0.00,45.5582,-96.4939
MN037,3.89,0.00,45.4884,-95.5622
MN038,4.17,75.00,44.0572,-95.5973
MN040,0.28,325.00,43.7193,-91.4368
MN041,0.56,130.00,47.6036,-94.1267
MN042,3.89,165.00,44.4092,-92.8585
MN043,3.06,110.00,45.4324,-94.9324
MN044,2.50,175.00,47.2742,-95.9336
MN045,0.83,340.00,44.0756,-94.3682
MN047,3.33,145.00,44.6010,-92.6978
MN048,1.39,335.00,47.9764,-89.6850
MN049,1.39,170.00,46.9117,-94.7229
MN050,0.83,5.00,46.3398,-93.2620
MN051,1.39,75.00,46.9784,-93.2737
MN052,0.83,110.00,47.8404,-93.4852
MN054,2.50,120.00,46.0431,-96.4942
MN055,1.94,75.00,46.4037,-95.6021
MN056,1.67,115.00,48.4365,-95.7312
MN057,4.44,145.00,48.9709,-97.2017
MN058,2.78,165.00,47.2959,-96.7317
MN059,3.33,100.00,44.9362,-96.4418
MN060,4.17,145.00,47.8683,-96.9168
MN062,3.61,100.00,46.8774,-96.1114
MN063,1.94,120.00,46.4133,-95.0544
MN064,1.67,105.00,45.7665,-94.2328
MN065,4.17,20.00,43.5149,-91.8850
MN066,0.56,110.00,47.2113,-92.4877
MN068,3.06,160.00,47.7704,-96.0010
MN069,1.39,155.00,44.2848,-91.9897
MN071,5.00,90.00,44.0837,-95.1199
MN072,0.00,75.00,48.1346,-93.8785
MN073,0.00,285.00,44.1543,-94.0340
MN075,2.50,340.00,44.5723,-93.8427
MN079,2.78,355.00,44.5436,-93.6248
NP018,1.20,206.00,41.5100,-71.3300
NP020,4.10,190.00,41.7170,-71.3430
NP022,3.40,221.00,41.7050,-71.1730
NP023,1.10,217.00,41.6350,-71.3400
NP024,2.00,237.00,41.5850,-71.4080
NP003,1.80,98.00,39.2100,-76.2500
NP004,2.70,34.00,38.3200,-76.4500
NP011,2.70,69.00,37.1700,-75.9900
NP002,3.60,74.00,38.0000,-76.4600
NP010,3.50,118.00,36.9500,-76.4000
NP008,7.90,75.00,36.9700,-76.1100
NP013,0.10,66.00,36.7780,-76.3020
NP025,5.10,70.00,27.8570,-82.5530
NP026,4.60,92.00,27.7600,-82.6270
NP028,2.40,102.00,27.6620,-82.5950
NP029,3.60,75.00,27.9150,-82.4320
NP030,2.20,106.00,29.2830,-94.7830
NP033,0.20,209.00,29.5000,-94.9160
NP034,0.00,0.00,29.6830,-94.9830
NP015,0.00,0.00,40.6400,-74.1470
NP014,0.00,0.00,40.4700,-74.0000
NP017,1.20,157.00,40.8100,-74.0150
NP016,0.00,0.00,40.6570,-74.0650
NCARF,0.58,137.00,40.0350,-105.2431
NP018,1.20,221.00,41.5100,-71.3300
NP019,2.10,169.00,41.8100,-71.4000
NP020,4.20,190.00,41.7170,-71.3430
NP022,2.90,219.00,41.7050,-71.1730
NP023,0.90,207.00,41.6350,-71.3400
NP024,2.20,244.00,41.5850,-71.4080
NP003,1.90,103.00,39.2100,-76.2500
NP004,2.50,39.00,38.3200,-76.4500
NP011,3.10,69.00,37.1700,-75.9900
NP002,2.80,76.00,38.0000,-76.4600
NP010,3.10,119.00,36.9500,-76.4000
NP008,7.40,68.00,36.9700,-76.1100
NP013,0.10,61.00,36.7780,-76.3020
NP025,4.00,73.00,27.8570,-82.5530
NP026,5.00,94.00,27.7600,-82.6270
NP028,2.60,102.00,27.6620,-82.5950
NP029,2.90,66.00,27.9150,-82.4320
NP030,0.70,93.00,29.2830,-94.7830
NP033,0.00,0.00,29.5000,-94.9160
NP034,0.00,0.00,29.6830,-94.9830
NP015,0.00,0.00,40.6400,-74.1470
NP014,0.00,0.00,40.4700,-74.0000
NP017,1.30,156.00,40.8100,-74.0150
NP016,0.00,0.00,40.6570,-74.0650
MN001,2.78,100.00,43.5083,-93.3541
MN003,2.50,35.00,44.4785,-93.2924
MN004,0.83,195.00,45.6429,-92.9928
MN006,7.78,130.00,43.6083,-96.3779
MN007,5.00,105.00,43.6373,-95.7699
MN008,4.17,135.00,43.6387,-95.1185
MN009,2.50,100.00,43.6631,-94.1224
MN010,2.50,90.00,43.7272,-92.6814
MN011,2.50,105.00,43.9556,-92.2051
MN012,1.67,65.00,43.9119,-91.5436
MN013,2.50,120.00,46.8468,-96.6681
MN014,3.61,60.00,46.4907,-96.2913
MN015,2.78,75.00,45.8377,-95.3662
MN016,2.50,105.00,45.7131,-94.9314
MN017,0.56,155.00,45.3947,-94.0256
MN018,0.00,65.00,47.8743,-94.4324
MN020,0.00,135.00,46.6882,-93.9545
MN021,5.28,80.00,44.9493,-95.4095
MN022,2.50,135.00,44.9061,-93.9864
MN024,3.06,120.00,48.5724,-96.9149
MN025,2.50,165.00,48.8195,-95.9610
MN026,1.11,155.00,48.6277,-94.0671
MN028,6.11,100.00,44.2703,-96.3200
MN029,3.33,85.00,44.0216,-92.7082
MN030,3.06,105.00,44.4589,-96.4352
MN032,3.89,75.00,44.5432,-94.4141
MN033,5.28,95.00,44.6916,-95.6140
MN035,1.94,170.00,46.1443,-94.1041
MN036,3.06,35.00,45.5582,-96.4939
MN037,0.56,230.00,45.4884,-95.5622
MN038,5.28,80.00,44.0572,-95.5973
MN040,0.28,10.00,43.7193,-91.4368
MN041,0.28,150.00,47.6036,-94.1267
MN042,3.89,120.00,44.4092,-92.8585
MN043,2.78,100.00,45.4324,-94.9324
MN044,2.22,155.00,47.2742,-95.9336
MN045,1.94,320.00,44.0756,-94.3682
MN047,3.33,130.00,44.6010,-92.6978
MN048,1.11,325.00,47.9764,-89.6850
MN049,0.28,140.00,46.9117,-94.7229
MN050,0.83,35.00,46.3398,-93.2620
MN051,1.11,100.00,46.9784,-93.2737
MN052,0.83,120.00,47.8404,-93.4852
MN054,1.39,120.00,46.0431,-96.4942
MN055,1.39,45.00,46.4037,-95.6021
MN056,1.11,100.00,48.4365,-95.7312
MN057,4.72,145.00,48.9709,-97.2017
MN058,2.50,140.00,47.2959,-96.7317
MN059,3.06,100.00,44.9362,-96.4418
MN062,2.50,70.00,46.8774,-96.1114
MN063,3.06,45.00,46.4133,-95.0544
MN064,1.11,25.00,45.7665,-94.2328
MN065,3.89,35.00,43.5149,-91.8850
MN066,0.00,205.00,47.2113,-92.4877
MN068,2.50,155.00,47.7704,-96.0010
MN069,1.39,160.00,44.2848,-91.9897
MN071,5.28,90.00,44.0837,-95.1199
MN072,0.00,20.00,48.1346,-93.8785
MN073,1.94,300.00,44.1543,-94.0340
MN075,0.28,115.00,44.5723,-93.8427
MN080,1.67,10.00,46.7166,-92.2514
MN082,0.56,20.00,46.7718,-92.1150
MN083,0.00,35.00,47.0944,-91.5518
MN091,0.00,30.00,46.9241,-92.4131
H0344,0.00,240.00,39.1900,-84.2100
H0004,0.00,200.00,32.7700,-117.0500
H0364,0.00,10.00,39.0350,-76.9080
H0010,0.89,290.00,46.3000,-63.1000
H0012,0.00,120.00,32.5800,-97.3500
H0024,1.79,360.00,45.3380,-123.0960
H0025,0.00,90.00,29.4400,-95.1000
H0299,0.00,140.00,31.3100,-92.4400
H0322,0.89,50.00,33.5655,-112.0536
H0031,0.00,350.00,33.5800,-86.0500
H0032,0.00,40.00,36.1500,-86.3500
H0339,1.34,170.00,33.8900,-118.1300
H0252,0.00,120.00,32.6400,-117.0830
H0300,0.00,90.00,38.8000,-122.9900
H0223,0.00,90.00,34.2369,-117.2872
H0294,1.34,220.00,32.7500,-116.9300
H0232,0.00,40.00,37.4600,-122.2700
H0346,2.68,170.00,38.6650,-121.1650
H0153,1.34,360.00,39.4388,-123.7824
H0266,1.34,290.00,40.5900,-124.1500
H0238,0.00,130.00,33.4900,-117.4000
H0158,2.68,210.00,34.6900,-118.1800
H0284,0.00,10.00,39.3400,-121.0800
H0268,3.58,190.00,38.5423,-121.3695
H0164,1.34,110.00,35.2600,-120.7100
H0269,0.00,150.00,37.0600,-121.6100
H0259,0.00,10.00,37.9800,-122.5200
H0324,0.00,240.00,38.9393,-119.9811
H0348,4.02,250.00,35.1900,-118.6000
H0349,0.00,250.00,40.0900,-105.3400
H0305,1.34,240.00,38.3000,-104.5700
H0209,4.47,170.00,39.7225,-106.1040
H0350,0.00,160.00,41.3490,-73.1850
H0036,0.00,240.00,42.5519,-71.7558
H0040,0.00,240.00,38.3700,-122.8200
H0224,0.00,240.00,26.3000,-80.0300
H0351,0.00,80.00,28.4840,-80.8030
H0270,0.00,240.00,26.1300,-80.1200
H0240,0.00,300.00,30.4010,-86.8640
H0340,0.00,70.00,28.5300,-81.2000
H0312,0.89,30.00,28.1752,-80.6022
H0315,0.00,90.00,27.8000,-80.4800
H0296,0.45,90.00,34.1461,-84.1069
H0234,0.00,70.00,34.0142,-84.3574
H0183,2.68,30.00,43.0786,-92.3375
H0195,0.00,150.00,41.3200,-93.5600
H0167,0.00,150.00,47.6500,-116.8800
H0211,0.00,260.00,41.8481,-88.3145
H0261,0.89,280.00,42.2099,-88.3536
H0109,0.00,220.00,41.3200,-88.3400
H0286,2.68,80.00,43.1500,-93.2000
H0271,0.00,80.00,38.3000,-85.9600
H0205,0.00,190.00,38.8900,-94.7500
H0255,0.00,80.00,32.3908,-93.5740
H0287,0.00,230.00,42.4100,-71.1500
H0212,0.00,170.00,42.0638,-71.0314
H0272,0.89,210.00,42.2400,-71.5800
H0306,2.68,240.00,42.1969,-70.7212
H0297,0.00,160.00,42.0685,-71.6256
H0213,0.00,270.00,38.3000,-76.5080
H0334,0.00,80.00,39.1700,-77.2100
H0307,0.00,50.00,44.8100,-93.3100
H0327,0.89,90.00,46.7830,-92.1060
H0273,1.79,290.00,44.4700,-94.8100
H0354,0.00,190.00,45.3060,-93.7940
H0216,0.00,360.00,45.0870,-93.0850
H0342,0.00,60.00,36.4500,-89.9200
H0263,0.00,10.00,35.2800,-81.6800
H0335,2.24,160.00,41.6800,-96.5500
H0355,1.34,170.00,40.7900,-96.6320
H0241,0.00,170.00,41.1200,-96.1100
H0328,0.00,170.00,42.9290,-71.1880
H0217,0.00,310.00,33.3620,-105.6540
H0357,0.00,150.00,40.7100,-73.6400
H0308,0.00,260.00,41.1700,-73.9600
H0290,0.00,100.00,43.1600,-77.5600
H0141,0.00,230.00,41.1510,-74.1972
H0304,0.00,350.00,40.8436,-73.1768
H0251,0.00,150.00,42.0780,-76.0200
H0291,0.00,0.00,39.2600,-84.5800
H0309,0.00,160.00,40.0100,-83.1100
H0220,1.34,320.00,45.3200,-122.5800
H0159,0.89,200.00,45.3540,-122.8420
H0227,0.89,160.00,44.7500,-122.9400
H0336,0.00,180.00,40.0360,-75.5140
H0337,0.89,200.00,41.5500,-71.3000
H0313,0.00,340.00,34.8721,-82.2862
H0329,0.00,210.00,34.6307,-82.5117
H0298,0.00,270.00,44.0449,-103.2330
H0235,0.00,90.00,36.2300,-86.3800
H0292,0.00,40.00,36.0800,-86.9400
H0318,0.00,140.00,30.2070,-97.9372
H0202,0.00,140.00,32.9300,-96.9400
H0360,1.34,130.00,33.1540,-97.0640
H0330,0.00,160.00,32.7232,-96.8467
H0311,0.00,150.00,29.5984,-95.1065
H0204,3.58,110.00,28.2300,-96.9400
H0278,0.89,90.00,32.9320,-96.4590
H0280,0.00,150.00,30.5844,-97.4156
H0362,0.00,30.00,40.7500,-111.8700
H0293,0.00,190.00,38.2500,-78.5300
H0231,0.00,70.00,37.6510,-78.2990
H0363,0.00,130.00,48.2500,-121.6100
H0331,0.00,0.00,45.7100,-122.6200
H0282,0.00,170.00,44.7900,-91.5200
H0048,1.34,180.00,39.7500,-104.5000
H0052,0.00,90.00,41.3700,-73.2300
H0059,0.00,80.00,45.8340,-77.1470
H0060,0.00,180.00,40.8200,-74.3020
H0062,0.00,90.00,35.8500,-78.1700
H0068,0.45,60.00,45.5600,-94.1600
H0069,1.34,180.00,44.5400,-91.2400
H0072,4.02,180.00,34.5000,-117.9600
H0080,0.00,220.00,44.5030,-72.2190
H0083,0.00,150.00,33.6900,-78.8900
H0084,0.00,300.00,35.0500,-85.3100
H0085,0.00,130.00,39.8000,-75.6800
H0086,1.34,80.00,33.5200,-86.8000
H0087,0.00,220.00,33.5300,-82.2400
H0088,0.45,130.00,36.3100,-82.3500
H0089,0.00,170.00,32.3000,-90.1800
H0091,0.45,20.00,30.1600,-85.6600
H0094,0.00,210.00,49.7800,-97.2000
H0095,0.00,80.00,32.0800,-81.1000
H0098,0.00,110.00,40.8900,-74.2100
BLDF1,1.75,53.72,26.6680,-80.6320
PHAF1,0.31,19.38,29.6961,-81.9832
TRAF1,1.56,13.59,29.4100,-82.1700
ALHF1,1.98,65.32,29.8030,-82.4110
STNF1,1.56,41.01,29.6930,-81.4450
CKHF1,1.86,77.80,29.0200,-81.9690
EPRF1,0.58,57.60,29.2226,-81.4490
VRSF1,2.96,74.30,28.7893,-81.7479
UMLF1,1.69,74.20,28.9194,-81.6310
KHPF1,1.36,70.70,28.6820,-81.8860
VLNF1,0.54,30.12,28.4730,-81.6490
KSLF1,2.41,54.26,28.6350,-82.2850
POPF1,1.46,50.75,28.6420,-81.5493
KALF1,1.96,83.60,28.0900,-81.7200
DNTF1,3.98,83.50,27.4500,-82.4820
NNAF1,1.83,72.60,27.3975,-81.9400
FDLF1,0.66,10.06,26.0870,-80.2420
STDF1,0.87,71.90,25.5090,-80.4990
IMKF1,1.68,67.00,26.4620,-81.4400
NP018,1.30,210.00,41.5100,-71.3300
NP019,2.10,171.00,41.8100,-71.4000
NP020,4.10,191.00,41.7170,-71.3430
NP022,2.30,221.00,41.7050,-71.1730
NP023,1.10,210.00,41.6350,-71.3400
NP024,2.20,241.00,41.5850,-71.4080
NP003,2.10,111.00,39.2100,-76.2500
NP004,2.40,48.00,38.3200,-76.4500
NP002,3.10,81.00,38.0000,-76.4600
NP010,2.80,127.00,36.9500,-76.4000
NP008,7.70,65.00,36.9700,-76.1100
NP013,0.30,63.00,36.7780,-76.3020
NP025,4.90,72.00,27.8570,-82.5530
NP026,3.70,101.00,27.7600,-82.6270
NP028,3.70,100.00,27.6620,-82.5950
NP029,3.60,68.00,27.9150,-82.4320
NP030,1.50,113.00,29.2830,-94.7830
NP033,0.10,307.00,29.5000,-94.9160
NP034,0.00,0.00,29.6830,-94.9830
NP015,0.00,0.00,40.6400,-74.1470
NP014,0.00,0.00,40.4700,-74.0000
NP017,1.50,162.00,40.8100,-74.0150
NP016,0.00,0.00,40.6570,-74.0650
BMTC2,4.02,359.00,39.8700,-105.2970
QURC2,4.16,152.00,39.6390,-104.7690
DHPC2,2.37,163.00,39.7540,-105.0160
EBBC2,6.26,231.00,39.2450,-104.5890
BHNC2,3.04,197.00,39.9930,-104.8170
SQWC2,6.66,209.00,39.6810,-105.4960
HGCC2,0.00,339.00,39.6720,-105.3470
HIGC2,1.74,169.00,39.5620,-105.0190
SAPC2,4.20,225.00,39.4990,-104.7760
COKC2,3.00,186.00,39.3760,-104.8460
WRDC2,1.79,242.00,40.0350,-105.5410
SFSC2,1.70,231.00,40.0180,-105.4040
LEWC2,3.17,169.00,39.9920,-105.1530
CALC2,4.29,220.00,40.1480,-105.3900
BTRC2,0.94,304.00,40.2210,-105.3690
URBC2,4.92,166.00,39.7680,-104.8690
MN001,3.06,85.00,43.5083,-93.3541
MN003,0.83,0.00,44.4785,-93.2924
MN004,0.83,190.00,45.6429,-92.9928
MN006,7.78,125.00,43.6083,-96.3779
MN007,4.72,100.00,43.6373,-95.7699
MN008,4.17,135.00,43.6387,-95.1185
MN009,3.33,100.00,43.6631,-94.1224
MN010,4.44,85.00,43.7272,-92.6814
MN011,2.50,85.00,43.9556,-92.2051
MN012,1.94,105.00,43.9119,-91.5436
MN013,4.17,120.00,46.8468,-96.6681
MN014,4.44,85.00,46.4907,-96.2913
MN015,2.22,130.00,45.8377,-95.3662
MN016,2.50,100.00,45.7131,-94.9314
MN017,0.56,85.00,45.3947,-94.0256
MN018,0.56,150.00,47.8743,-94.4324
MN020,1.39,140.00,46.6882,-93.9545
MN021,4.17,65.00,44.9493,-95.4095
MN022,1.94,100.00,44.9061,-93.9864
MN024,2.50,125.00,48.5724,-96.9149
MN025,2.78,160.00,48.8195,-95.9610
MN026,1.11,165.00,48.6277,-94.0671
MN028,5.56,110.00,44.2703,-96.3200
MN029,2.22,35.00,44.0216,-92.7082
MN030,5.28,105.00,44.4589,-96.4352
MN032,2.78,90.00,44.5432,-94.4141
MN033,5.56,90.00,44.6916,-95.6140
MN035,1.94,150.00,46.1443,-94.1041
MN036,5.00,50.00,45.5582,-96.4939
MN037,4.17,75.00,45.4884,-95.5622
MN038,5.28,85.00,44.0572,-95.5973
MN040,0.83,90.00,43.7193,-91.4368
MN041,0.00,150.00,47.6036,-94.1267
MN042,5.83,120.00,44.4092,-92.8585
MN043,2.22,95.00,45.4324,-94.9324
MN044,2.50,160.00,47.2742,-95.9336
MN045,2.50,350.00,44.0756,-94.3682
MN047,3.33,130.00,44.6010,-92.6978
MN048,1.11,350.00,47.9764,-89.6850
MN049,0.56,45.00,46.9117,-94.7229
MN050,0.83,20.00,46.3398,-93.2620
MN051,0.00,245.00,46.9784,-93.2737
MN052,1.11,150.00,47.8404,-93.4852
MN054,1.67,80.00,46.0431,-96.4942
MN055,1.67,50.00,46.4037,-95.6021
MN056,1.67,100.00,48.4365,-95.7312
MN057,3.33,150.00,48.9709,-97.2017
MN058,3.89,150.00,47.2959,-96.7317
MN059,6.67,310.00,44.9362,-96.4418
MN060,4.44,140.00,47.8683,-96.9168
MN062,3.89,50.00,46.8774,-96.1114
MN063,2.22,40.00,46.4133,-95.0544
MN064,1.39,120.00,45.7665,-94.2328
MN065,3.33,20.00,43.5149,-91.8850
MN066,0.56,5.00,47.2113,-92.4877
MN068,3.06,160.00,47.7704,-96.0010
MN069,1.94,140.00,44.2848,-91.9897
MN071,5.56,90.00,44.0837,-95.1199
MN072,0.28,50.00,48.1346,-93.8785
MN073,2.50,335.00,44.1543,-94.0340
MN075,2.22,35.00,44.5723,-93.8427
NP018,1.20,211.00,41.5100,-71.3300
NP019,2.50,173.00,41.8100,-71.4000
NP020,4.10,191.00,41.7170,-71.3430
NP022,2.50,216.00,41.7050,-71.1730
NP023,1.00,212.00,41.6350,-71.3400
NP024,2.20,237.00,41.5850,-71.4080
NP003,2.10,111.00,39.2100,-76.2500
NP004,2.50,56.00,38.3200,-76.4500
NP011,2.40,70.00,37.1700,-75.9900
NP002,3.70,67.00,38.0000,-76.4600
NP010,2.50,133.00,36.9500,-76.4000
NP008,8.20,69.00,36.9700,-76.1100
NP013,0.30,63.00,36.7780,-76.3020
NP025,5.20,72.00,27.8570,-82.5530
NP026,4.80,97.00,27.7600,-82.6270
NP028,2.40,96.00,27.6620,-82.5950
NP029,2.70,78.00,27.9150,-82.4320
NP030,1.50,124.00,29.2830,-94.7830
NP033,0.00,0.00,29.5000,-94.9160
NP034,1.30,41.00,29.6830,-94.9830
NP015,0.00,0.00,40.6400,-74.1470
NP014,0.00,0.00,40.4700,-74.0000
NP017,1.40,170.00,40.8100,-74.0150
NP016,0.00,0.00,40.6570,-74.0650
MN080,1.67,335.00,46.7166,-92.2514
MN082,0.00,170.00,46.7718,-92.1150
MN083,0.00,40.00,47.0944,-91.5518
MN091,0.00,50.00,46.9241,-92.4131
F1264,2.68,280.00,62.8167,-141.4667
F1267,1.34,220.00,66.2667,-146.5167
F1268,4.47,280.00,65.2833,-143.0667
F1269,1.34,80.00,61.9358,-150.9858
F1272,2.24,310.00,65.5847,-144.3636
F1681,1.34,150.00,58.4067,-152.8864
F1273,0.89,80.00,57.2678,-154.5650
F1682,4.02,20.00,56.9992,-153.5417
F1276,2.24,240.00,66.5906,-144.3411
F1278,0.45,240.00,64.0600,-141.9294
F1279,1.34,150.00,62.1333,-142.0833
F1281,2.24,330.00,65.3458,-155.9361
F1282,0.45,160.00,64.7761,-141.1619
F1292,7.15,240.00,67.0333,-143.2833
F1299,4.47,350.00,65.5858,-163.4081
F1307,3.13,110.00,67.1386,-159.0436
F1774,4.47,260.00,67.9333,-162.3000
F1315,5.81,150.00,62.1472,-144.9281
F1317,0.89,330.00,63.8933,-152.3106
F1318,0.89,240.00,65.4236,-148.7217
F1319,0.00,280.00,61.3208,-142.5844
F1320,0.89,90.00,63.6492,-151.6397
F1324,2.24,240.00,66.1617,-148.0383
F1326,2.68,70.00,68.0708,-158.7042
F1327,0.89,320.00,66.8333,-154.3333
F1331,0.45,240.00,60.1958,-154.3200
F1332,2.24,250.00,65.9233,-145.0300
F1335,5.36,320.00,61.7161,-162.6650
F1337,0.45,290.00,64.6847,-153.9400
F1347,1.34,210.00,61.0008,-153.8958
F1349,0.45,190.00,60.7278,-150.8722
F1354,2.68,230.00,66.7981,-146.7158
F1777,0.45,270.00,34.6242,-93.8061
ALRA3,0.89,30.00,33.8417,-109.1222
QBHA3,0.89,330.00,33.0867,-109.9505
QBRA3,2.24,30.00,36.7944,-113.7567
QBAA3,0.45,160.00,36.2000,-112.0667
QBMA3,0.45,130.00,36.9306,-112.1997
CHEA3,1.34,10.00,34.5964,-112.0481
QEMA3,1.34,260.00,31.7806,-110.6347
NS001,0.89,40.00,35.1450,-111.6750
FZWA3,3.13,190.00,35.8456,-113.0550
NS003,1.34,230.00,33.3503,-110.6519
QGDA3,0.89,160.00,34.7500,-113.3000
QGRA3,2.68,170.00,34.5000,-109.4333
QGSA3,4.02,200.00,36.7044,-112.5833
QGTA3,2.24,110.00,32.9500,-109.2833
QHAA3,1.79,120.00,34.7872,-114.5617
QHEA3,0.45,170.00,34.3978,-110.5645
TR068,0.00,150.00,33.6183,-110.4200
QHPA3,3.13,170.00,31.6753,-110.8800
QHRA3,0.89,290.00,32.9375,-110.4961
QHOA3,1.34,260.00,36.5644,-111.9781
QHBA3,0.00,200.00,34.1164,-112.3006
QHUA3,4.02,170.00,36.6992,-113.2072
NS004,1.34,290.00,34.5853,-112.5020
TR389,0.89,120.00,34.1600,-109.9800
QLBA3,1.34,180.00,36.2856,-112.0786
QMBA3,1.79,180.00,35.0336,-113.8925
QMLA3,2.24,50.00,36.3472,-113.1989
QMRA3,0.00,140.00,32.4000,-110.2708
QMMA3,2.24,210.00,35.6147,-113.7939
TR071,0.00,140.00,36.3900,-113.1522
QOKA3,0.00,190.00,36.5072,-113.8161
QPRA3,0.45,170.00,34.3694,-111.0250
QRTA3,2.68,150.00,36.4706,-112.8414
QRSA3,1.34,200.00,33.6550,-111.1333
TR410,1.79,360.00,33.2150,-110.7150
QSEA3,2.24,140.00,31.9100,-111.8975
QSTA3,0.45,30.00,34.1667,-112.7333
QSPA3,0.00,160.00,34.1953,-112.1417
QTCA3,1.79,130.00,33.2667,-109.3683
QTWA3,6.26,270.00,36.5819,-113.7319
QUPA3,3.58,200.00,35.2247,-114.3747
QVDA3,0.45,100.00,34.5539,-111.8492
QWSA3,0.89,140.00,36.7000,-112.2300
QYJA3,1.34,190.00,36.1542,-113.5417
TR079,0.89,360.00,41.6278,-121.2983
NZAC1,0.89,320.00,33.5550,-116.6730
ARGC1,0.00,50.00,35.1919,-120.4317
ASRC1,0.00,40.00,36.2300,-121.4917
AVLC1,1.34,160.00,41.0519,-120.6861
BDMC1,0.00,90.00,38.9056,-120.6972
BSNC1,1.34,10.00,37.3667,-119.6167
BPKC1,8.05,280.00,35.8842,-118.0517
COKC1,0.45,10.00,38.4883,-120.3250
CAPC1,0.89,40.00,33.5417,-117.5917
BETC1,1.79,350.00,37.8431,-118.4778
TR409,0.00,170.00,34.3194,-117.0130
TR361,0.00,150.00,36.2356,-121.7850
BOGC1,0.00,290.00,40.5917,-121.0872
BRHC1,4.47,340.00,35.1889,-120.0833
BMEC1,0.45,80.00,37.8233,-120.0983
BUFC1,0.00,180.00,40.4808,-120.1139
TR093,0.45,70.00,32.7397,-114.8839
QCAC1,3.13,320.00,32.9736,-115.1736
CMNC1,0.00,170.00,32.7214,-116.4631
CAZC1,0.45,350.00,35.0964,-119.7728
TR494,0.00,10.00,36.4108,-118.8092
TR095,1.79,10.00,37.4681,-120.1106
TR099,0.89,210.00,41.2433,-120.6767
TR102,0.45,30.00,38.6781,-122.5289
TR106,0.00,100.00,36.1567,-117.8544
TR107,0.45,40.00,39.6919,-120.0208
TR108,0.00,270.00,37.6983,-120.2867
CNFC1,2.24,120.00,37.7617,-119.8247
CESC1,2.24,290.00,40.2897,-121.0853
CUUC1,0.00,250.00,34.8083,-119.0125
CLHC1,2.68,270.00,33.8767,-117.3089
TR118,0.00,340.00,33.6453,-117.4433
CVEC1,0.89,60.00,34.1942,-116.9131
PTEC1,0.00,360.00,40.2583,-124.2500
CTOC1,0.45,30.00,36.9911,-121.7978
CNSC1,0.00,180.00,33.7403,-116.8414
DNTC1,0.89,10.00,34.0092,-119.6542
DVOC1,1.34,150.00,34.2211,-117.4031
DKYC1,0.00,300.00,37.0667,-119.1500
DBHC1,0.00,30.00,41.6250,-121.0678
TR399,2.24,160.00,39.1439,-120.5089
ECSC1,1.79,10.00,33.6517,-117.4067
EMRC1,0.00,80.00,34.6344,-117.5503
ESPC1,0.00,210.00,38.2431,-120.5144
FCHC1,0.00,260.00,36.9000,-119.5000
FWSC1,1.34,10.00,34.2661,-116.8989
FNWC1,0.45,40.00,36.9614,-119.1750
FMRC1,12.96,280.00,35.8717,-117.9183
FSHC1,0.00,60.00,39.0914,-120.7317
FHLC1,1.34,30.00,36.0117,-121.2417
FODC1,4.47,280.00,36.5994,-121.7525
FTNC1,1.34,90.00,35.8922,-118.9150
FRCC1,1.34,210.00,33.8081,-117.7111
TR137,1.34,310.00,39.3817,-119.8150
GNSC1,0.00,150.00,37.8330,-120.5000
CAHC1,0.45,280.00,36.5514,-121.3889
HLLC1,1.34,360.00,39.0717,-120.4217
HDZC1,7.60,320.00,36.3830,-120.8539
GJCN5,5.36,330.00,39.0308,-123.0806
HTSC1,2.24,170.00,35.7705,-115.9092
PRHC1,0.45,250.00,37.0156,-119.5608
IDWC1,3.58,230.00,41.7417,-121.5383
IWLC1,8.05,270.00,35.6850,-117.8894
JULC1,3.58,260.00,33.0758,-116.5908
JPRC1,1.79,290.00,41.3322,-120.4725
KNWC1,0.00,210.00,33.6667,-116.7667
KTLC1,4.47,280.00,36.0333,-120.0570
KNXC1,0.00,350.00,38.8622,-122.4172
LPZC1,0.00,190.00,35.3811,-120.1875
TABC1,0.00,290.00,35.6556,-120.9228
LAFC1,1.79,180.00,40.1417,-120.3533
LRLC1,9.39,200.00,35.4783,-117.6989
TR461,1.34,280.00,41.0072,-121.4353
TR148,0.00,200.00,40.7586,-120.8961
SLRC1,8.94,260.00,37.0519,-121.0389
LPOC1,0.00,70.00,34.5358,-119.7833
TMPC4,4.02,240.00,40.6897,-122.8314
TR154,3.13,40.00,38.6000,-119.3750
COWC1,9.83,310.00,39.1250,-123.0708
TR413,0.00,100.00,34.2339,-117.4803
LVMC1,6.71,270.00,37.8172,-121.7789
VIOC1,0.00,40.00,40.5400,-121.5803
MKEC1,0.00,140.00,38.6833,-119.7667
MCFC1,0.45,100.00,37.4156,-119.7686
MYRC1,0.45,160.00,38.8489,-120.0181
MRPC1,0.00,280.00,37.5128,-119.6047
MDHC1,1.34,240.00,35.1231,-115.4114
MMKC1,1.79,320.00,34.0836,-117.0347
MOLC1,0.89,340.00,36.2319,-118.8706
MRSC1,5.36,240.00,35.0531,-116.0794
MTIC1,1.34,80.00,34.4614,-119.6481
MOUC1,0.89,120.00,38.0578,-120.2414
MMTC1,0.45,40.00,37.3817,-119.1694
MDAC1,10.28,170.00,37.8672,-121.9011
MLGC1,0.89,20.00,32.8797,-116.4203
TR357,3.58,290.00,40.6506,-122.6056
OGVC1,0.00,140.00,33.3933,-116.7950
OJAC1,1.34,220.00,34.4483,-119.2303
OWNC1,0.45,80.00,38.7333,-120.2450
TMPD2,2.68,110.00,37.3900,-118.5506
OZNC1,0.45,70.00,34.6819,-119.3539
INTC1,2.24,20.00,36.1203,-117.0878
PKFC1,2.24,280.00,35.8989,-120.4319
PKCC1,2.24,50.00,39.4750,-121.2025
PIHC1,0.00,120.00,33.0164,-116.6339
PPRC1,0.45,230.00,34.4044,-118.8100
POTC1,0.45,210.00,32.6061,-116.6081
MIPC1,1.79,240.00,37.4431,-121.7706
QYRC1,0.00,220.00,39.9750,-120.9417
RCHC1,4.92,300.00,33.2122,-116.5053
TMPD4,0.00,250.00,40.7308,-120.3164
RVYC1,5.81,110.00,34.0608,-114.7322
TMPD5,1.34,270.00,37.5514,-118.6672
ROVC1,0.00,20.00,34.5431,-119.1842
RSHC1,2.68,340.00,41.2944,-120.8639
TR187,2.24,120.00,39.6375,-120.8653
SCNC1,1.79,250.00,32.8400,-118.3875
SNCC1,3.13,290.00,33.9958,-119.7222
SRIC1,17.43,310.00,33.9778,-120.0778
SRUC1,1.79,350.00,33.5286,-117.2306
SHUC1,4.02,140.00,41.1383,-123.9056
SHQC1,0.00,100.00,36.5672,-118.9556
SHVC1,0.00,330.00,37.1353,-119.2550
SWLC1,4.47,220.00,32.9083,-114.4944
SMDC1,0.00,10.00,39.4833,-120.0750
TCLC1,0.00,130.00,34.4806,-118.7555
TRMC1,0.45,300.00,36.9000,-119.3000
VLCC1,0.89,160.00,33.2261,-116.9922
TR423,3.58,330.00,34.7586,-120.4861
WKPC1,0.89,210.00,34.5686,-118.7403
CISC1,0.45,150.00,39.3167,-120.8375
UCCC1,0.00,250.00,34.1233,-116.4078
LPRC2,1.34,130.00,38.5428,-107.6869
CPTC2,0.00,220.00,38.4594,-109.0469
TR424,4.47,320.00,38.1870,-105.0211
CHAC2,3.13,130.00,37.1994,-108.4892
CGRC2,0.45,40.00,38.3139,-105.4844
CMEC2,2.24,190.00,38.5731,-108.2778
DRAC2,2.24,210.00,39.9153,-108.8875
EGRC2,5.36,90.00,40.0458,-108.2000
TR390,2.68,230.00,38.5000,-107.8944
GDRC2,6.71,150.00,40.7578,-107.8533
GSPC2,3.58,30.00,40.2092,-106.3292
GPRC2,1.79,340.00,39.6953,-106.9731
HCKC2,2.68,160.00,39.7667,-108.3167
HMEC2,5.81,190.00,38.3319,-107.0889
TR205,0.00,80.00,37.4667,-105.0850
JCRC2,4.02,210.00,38.7533,-108.5797
JAYC2,0.45,120.00,38.8417,-107.7361
LODC2,1.79,150.00,40.7392,-108.8347
MMRC2,4.92,160.00,37.0550,-107.7069
MRFC2,4.47,150.00,37.3006,-108.4133
NUCC2,3.58,170.00,38.2297,-108.5583
PIRC2,1.79,180.00,40.0208,-108.3972
TR209,0.00,130.00,39.9147,-105.1175
RFEC2,1.79,180.00,39.5122,-107.7492
CRWC2,4.47,130.00,39.3528,-107.0931
F1466,1.79,110.00,25.3903,-80.6803
F1841,1.79,100.00,28.6408,-80.7308
F1725,1.79,90.00,34.6953,-85.1736
F1711,1.34,120.00,34.8028,-83.7100
F1773,2.24,40.00,34.6300,-84.0975
F1683,0.89,130.00,34.9225,-84.6594
F1700,1.34,70.00,33.2083,-83.7136
F1705,0.45,10.00,34.9058,-83.3344
F1726,0.89,50.00,34.7650,-84.0744
F1812,1.79,100.00,22.1306,-159.7153
F1813,3.13,100.00,22.1833,-159.3375
TR212,0.45,50.00,44.3958,-112.1081
BCFI1,0.00,200.00,44.3850,-115.5500
YFFI1,0.00,310.00,44.3750,-114.5667
NS017,0.00,300.00,47.0208,-116.2667
CBFI1,0.00,60.00,43.8000,-113.8333
TR263,0.00,170.00,46.0225,-116.8825
CYFI1,2.24,300.00,42.9833,-113.1667
DEAI1,4.02,340.00,44.3256,-117.1678
DPKI1,0.45,210.00,42.3653,-112.7056
DEHI1,2.68,20.00,43.1744,-115.1517
DNFI1,1.34,40.00,46.6217,-116.2183
DMNI1,0.00,130.00,42.8667,-111.2167
EZRI1,0.00,200.00,44.8464,-114.0264
FERI1,0.00,290.00,46.1000,-115.5347
FHFI1,1.79,300.00,47.1292,-115.8750
FLEI1,1.79,100.00,43.6197,-114.8989
FLFI1,0.89,70.00,42.0792,-112.1833
GSKI1,3.13,70.00,42.0950,-113.8958
HAYI1,2.24,30.00,47.7792,-116.8125
HBFI1,3.13,90.00,42.4172,-115.2278
HPFI1,6.71,130.00,43.9481,-114.7561
INDI1,0.00,260.00,45.3833,-114.1667
KELI1,0.00,260.00,46.6667,-115.1667
KRCI1,0.45,230.00,45.3555,-113.8933
LDOI1,2.68,90.00,44.7000,-113.3500
LCKI1,4.92,20.00,47.1083,-116.2278
LTAI1,0.00,80.00,44.0911,-115.8805
THFI1,2.24,200.00,44.5000,-114.9000
LPFI1,0.89,170.00,45.3786,-115.1872
MOFI1,11.18,310.00,42.0203,-113.0903
MOOI1,0.00,240.00,46.0700,-114.5500
TR245,1.34,160.00,43.7897,-114.4208
NS024,0.00,50.00,47.5083,-115.9461
PIEI1,0.00,20.00,46.5000,-115.8333
PNFI1,0.45,80.00,44.2500,-116.1833
PCKI1,0.89,180.00,42.0694,-115.7861
POTI1,0.45,110.00,46.9833,-116.9833
SVFI1,0.45,100.00,46.5122,-114.6881
RRFI1,0.00,80.00,45.7125,-115.3375
SHCI1,0.89,60.00,46.9833,-116.6333
SFFI1,0.00,90.00,44.9436,-116.1878
SKFI1,0.45,300.00,45.3367,-114.4681
SCFI1,0.00,40.00,45.6333,-116.2833
SRFI1,3.58,40.00,45.0997,-116.7369
MCLI1,1.34,90.00,44.9000,-115.7333
TCFI1,0.00,310.00,43.9333,-115.9167
TGFI1,0.00,120.00,42.3161,-114.3030
WEFI1,0.45,60.00,44.8475,-116.4267
F1833,0.45,10.00,37.2486,-89.3786
F1769,0.45,150.00,37.4367,-88.6672
TR484,2.68,160.00,38.4350,-96.5608
F1505,0.45,60.00,36.7764,-88.0631
F1767,0.45,110.00,38.1750,-83.4083
F1706,0.89,330.00,32.8042,-93.0667
F1506,0.89,10.00,31.5022,-92.4617
F1507,0.89,270.00,31.1850,-92.6314
F1508,1.34,80.00,31.9000,-92.7672
F1509,0.00,200.00,31.4914,-93.1922
F1821,1.34,180.00,44.4681,-86.0533
F1829,0.45,280.00,46.2536,-86.7142
F1713,0.00,290.00,46.9333,-86.4167
F1714,0.89,180.00,46.2500,-84.5833
F1735,0.00,270.00,47.9461,-91.4947
F1514,0.89,50.00,36.9431,-92.6500
F1515,0.45,30.00,37.1806,-91.1181
F1516,0.89,10.00,36.6269,-90.8239
F1517,0.89,190.00,37.5014,-91.2595
F1520,0.00,150.00,33.5258,-89.9731
F1805,3.58,360.00,31.5242,-88.8889
F1815,0.00,300.00,34.6203,-89.3142
ARMM8,0.45,150.00,47.5867,-108.8695
BRRM8,0.89,120.00,44.9667,-113.2167
TR267,1.34,330.00,45.4583,-112.2003
TR298,0.00,230.00,47.8667,-115.6250
CBUM8,2.68,160.00,47.5167,-108.0333
DEEM8,2.24,40.00,46.0278,-114.0553
NS030,0.00,10.00,45.3500,-111.7344
TR271,0.00,80.00,48.9000,-115.0167
FHFM8,0.00,150.00,45.2969,-106.1614
GINM8,2.68,250.00,46.3292,-111.5881
GPRM8,0.45,280.00,46.1928,-113.9203
HOTM8,0.00,320.00,47.6156,-114.6694
HNYM8,0.45,50.00,48.3847,-114.0575
KTFM8,4.47,100.00,46.3117,-105.0222
TR276,0.45,160.00,46.7239,-110.8722
TR277,0.00,90.00,48.3833,-115.5667
LNCM8,0.89,290.00,46.9681,-112.6353
TR279,1.34,20.00,47.0714,-114.5450
MSLM8,1.34,30.00,46.8500,-114.0500
TR280,0.45,270.00,47.0708,-114.4022
TR281,0.45,230.00,46.3167,-113.3000
PNTM8,2.24,10.00,47.0411,-113.9792
PHYM8,6.26,180.00,46.8353,-110.7175
RRDM8,1.34,360.00,44.6833,-111.8333
RCBM8,2.24,90.00,48.2550,-109.7836
NS040,1.34,340.00,47.1828,-113.4472
SMTM8,0.89,10.00,46.4394,-114.2272
SKCM8,2.24,100.00,47.2561,-107.7933
SSMM8,6.26,110.00,47.5619,-107.5286
SRYM8,0.00,150.00,48.7375,-113.4305
NS042,0.00,290.00,47.3108,-115.1097
TEPM8,2.68,220.00,45.9347,-113.7383
TR299,0.00,50.00,48.4667,-115.9167
TMPF6,0.89,320.00,45.8181,-114.2630
TMPF7,2.68,110.00,46.5344,-110.8853
TR301,4.02,360.00,45.8833,-112.1500
NS049,0.89,110.00,45.7833,-112.9333
WWMM8,1.79,100.00,45.3130,-107.1719
F1839,2.68,30.00,34.5328,-77.7219
F1559,1.34,40.00,35.9667,-79.0917
F1560,3.58,50.00,35.1397,-79.0645
F1827,1.34,40.00,36.0175,-76.8917
F1830,0.89,320.00,35.4286,-81.9395
F1840,1.34,70.00,34.6831,-78.5817
TR468,2.68,180.00,48.9681,-104.0022
FRTN8,1.34,170.00,47.9853,-98.9075
AMDN8,5.36,140.00,46.5456,-103.5183
WCYN8,0.45,20.00,47.7803,-103.2867
CWRN5,1.34,110.00,36.9769,-107.6283
GBWN5,2.68,150.00,33.4550,-108.6650
NS052,1.79,70.00,32.4167,-108.1000
BDAN5,0.00,110.00,33.8000,-106.8833
CPPN5,1.79,350.00,32.9278,-103.8567
BCHN5,6.71,40.00,33.7728,-106.0983
TR487,3.58,150.00,35.1936,-108.1622
CBBN5,3.13,140.00,35.9419,-107.0772
DPKN5,4.92,180.00,36.4231,-106.7719
LOMN5,9.83,100.00,32.3233,-106.5867
DUNN5,3.58,280.00,32.8256,-105.1805
REMN5,1.79,60.00,33.6511,-104.3217
TR512,8.94,150.00,35.7669,-105.5533
TR513,3.58,240.00,35.8667,-105.5958
F1584,3.58,220.00,35.9453,-106.3100
TR309,0.45,150.00,33.5750,-107.9844
GNMN5,2.24,100.00,33.2233,-108.2400
TR392,3.58,140.00,35.2417,-107.6700
HHRN5,2.68,80.00,31.7000,-108.3417
TR393,3.13,120.00,35.8411,-106.6189
TR310,1.34,70.00,31.5592,-108.3264
GMLN5,0.89,80.00,34.9000,-108.0958
NS055,1.79,240.00,32.9833,-105.5000
NS056,3.58,120.00,34.5205,-106.2614
MPAN5,1.34,40.00,32.1797,-103.7217
DPRN5,7.15,150.00,33.6925,-108.0631
F1588,4.02,210.00,35.8947,-106.3439
TR499,2.68,150.00,36.6117,-106.2164
TR486,4.02,70.00,35.6903,-105.8808
SNDN5,9.39,130.00,32.5800,-106.5250
SCLN5,4.47,220.00,35.9972,-106.2811
UVSN5,6.26,150.00,32.5167,-107.1167
SLMN5,0.45,140.00,34.0667,-108.4333
TMPG1,3.58,240.00,35.8333,-106.3333
TR396,4.47,120.00,36.0589,-105.7694
ULAN5,2.68,320.00,35.8925,-106.3708
TR317,7.15,190.00,35.9942,-106.3600
ALLN2,4.02,340.00,39.7369,-115.5181
BATN2,0.89,100.00,40.5583,-116.7583
BLUN2,0.00,40.00,40.5017,-119.1217
BPKN2,3.58,310.00,38.2611,-118.8803
BUFN2,1.34,170.00,40.5819,-119.7900
CEDN2,4.02,180.00,39.7569,-114.1492
COMN2,1.79,310.00,39.3814,-116.1750
COYN2,1.34,20.00,38.2833,-114.7583
CRSN2,3.58,340.00,40.4597,-115.8500
DEDN2,2.68,240.00,39.2636,-118.9433
GRVN2,0.00,40.00,39.3011,-117.5844
TR500,5.81,230.00,36.5792,-115.1439
DESN2,2.24,270.00,39.6739,-119.7678
DRYN2,4.02,340.00,41.4917,-119.1167
FISN2,0.89,70.00,38.9361,-119.6519
IMWN2,3.13,130.00,37.9214,-114.1597
TR414,1.34,20.00,38.7686,-119.4458
KNSN2,1.34,160.00,37.2506,-114.7075
KYCN2,2.68,250.00,36.2667,-115.6000
LONN2,6.71,110.00,41.5386,-116.2175
LDXU1,0.00,160.00,40.6583,-115.8536
MORN2,1.34,320.00,41.4558,-117.6333
MTSN2,0.00,50.00,36.0306,-115.5167
ORWN2,3.58,90.00,37.2353,-117.4964
PANN2,1.34,130.00,38.3036,-116.1925
RRKN2,4.02,250.00,36.1353,-115.4272
RSCN2,4.02,10.00,41.6431,-114.4375
SIAN2,1.79,20.00,40.3945,-117.6250
SPMN2,4.47,80.00,40.4403,-114.8111
STMN2,8.49,70.00,41.5178,-115.3928
UPDN2,1.79,300.00,40.4431,-115.9222
F1782,0.00,350.00,34.7558,-94.9831
F1592,2.68,110.00,34.7744,-98.7458
ALFO3,2.68,50.00,43.9247,-119.5944
ATFO3,6.26,40.00,44.0397,-118.4164
BQFO3,1.79,170.00,42.2547,-118.9792
TR322,2.24,50.00,45.5950,-118.2350
BCFO3,0.45,250.00,44.5933,-119.2778
BWFO3,3.58,330.00,43.5611,-120.2486
PKFO3,0.00,310.00,43.0361,-122.6553
BUCO3,0.89,350.00,42.1197,-122.5633
BNFO3,0.00,210.00,43.2192,-123.8428
CTWO3,1.34,40.00,43.7800,-121.0500
CPFO3,0.00,140.00,44.1667,-118.4667
CWFO3,0.89,10.00,43.8333,-118.9500
TR324,0.45,350.00,43.3917,-121.7733
ENFO3,0.45,310.00,45.9267,-117.5883
TR325,1.34,330.00,44.7578,-117.9711
EVFO3,1.34,360.00,42.5978,-123.1033
FMFO3,4.02,320.00,44.3000,-119.3333
FFFO3,0.00,240.00,42.4722,-119.1783
GRBO3,0.00,350.00,42.2056,-121.1389
GSFO3,1.79,220.00,42.6261,-117.3950
HHFO3,1.79,310.00,44.9661,-121.4908
SBFO3,0.00,260.00,42.1167,-123.6667
JRFO3,0.00,290.00,45.1139,-118.4039
KEEO3,0.00,280.00,44.6661,-118.9208
KBFO3,3.58,10.00,43.9014,-117.9858
LBFO3,1.34,10.00,43.9300,-121.3300
LGFO3,0.45,60.00,45.5100,-121.9031
MEFO3,0.00,340.00,44.6089,-121.6278
WSFO3,0.00,350.00,45.0300,-121.6278
MMFO3,5.81,30.00,44.9258,-121.1944
FGFO3,2.24,50.00,42.8264,-118.9361
PANO3,0.00,300.00,42.7694,-122.0639
PPFO3,0.00,70.00,45.3547,-117.7044
PYFO3,0.00,290.00,45.4586,-121.4464
PRFO3,2.24,350.00,42.2897,-123.2303
RXFO3,0.45,60.00,45.0275,-121.9211
RMFO3,0.89,230.00,42.1233,-124.3006
RVFO3,0.00,240.00,43.0194,-122.0003
SMFO3,0.00,40.00,42.1989,-120.2456
TR228,0.00,90.00,42.3097,-121.5694
TR260,0.45,70.00,42.7178,-121.0111
TMFO3,2.24,100.00,43.2433,-121.3583
WMFO3,1.34,30.00,45.2406,-121.4530
TR472,4.92,170.00,43.7333,-103.6167
PRMS2,4.92,180.00,43.3181,-101.1444
PRGS2,6.71,20.00,43.2900,-102.2711
TR475,0.45,150.00,28.3044,-96.8233
BZRT2,0.00,130.00,29.1467,-95.3022
TR478,6.71,110.00,29.2667,-103.3000
TR480,2.68,120.00,26.2283,-97.3483
TR482,3.13,20.00,31.8944,-104.7978
GDBT2,6.26,90.00,31.9250,-104.8253
ACRU1,1.34,180.00,37.5000,-112.2500
ARAU1,1.79,180.00,40.5983,-113.0217
ASYU1,2.24,240.00,37.5167,-112.5556
BADU1,4.47,150.00,37.1522,-113.9514
BIVU1,8.05,170.00,38.2244,-109.2783
BKCU1,1.34,110.00,38.9792,-112.2394
TR516,2.68,330.00,40.2692,-110.5622
BRPU1,0.89,200.00,39.6097,-110.2944
BUKU1,0.00,270.00,37.9033,-111.6914
BEUU1,3.13,110.00,41.1500,-111.9167
CCRU1,0.89,130.00,40.8833,-109.4167
CDMU1,0.45,320.00,40.3008,-112.7764
CHPU1,6.26,160.00,40.8111,-110.0747
DIAU1,2.68,70.00,40.6172,-109.2428
NS090,1.34,230.00,37.5586,-113.7172
TR336,0.89,140.00,38.0911,-112.0161
FIVU1,1.79,220.00,39.8811,-110.2658
HWAU1,0.45,180.00,40.9528,-110.4806
HSRU1,2.68,160.00,39.9336,-110.8617
JVAU1,0.45,280.00,39.3094,-111.3228
KAGU1,2.24,130.00,37.5264,-109.8936
LSCU1,4.47,190.00,38.7708,-111.8625
TR428,2.24,100.00,38.4900,-109.4395
MSRU1,2.68,230.00,39.7986,-112.2722
NWYU1,0.00,90.00,40.6517,-111.0519
PGRU1,1.34,50.00,40.4311,-111.7500
SBWU1,3.13,220.00,39.3500,-112.0000
SIGU1,2.68,110.00,38.6319,-112.0611
TBSU1,0.00,70.00,37.8167,-112.1167
TVWU1,4.47,180.00,39.3500,-113.3847
VENU1,3.58,140.00,40.0989,-112.4269
WRRU1,0.89,130.00,37.2161,-113.3778
YLSU1,5.81,30.00,40.5467,-110.3278
F1644,0.89,30.00,43.3333,-73.0333
ABNW1,2.24,360.00,46.3500,-123.1000
CMFW1,0.89,140.00,48.0181,-120.2342
DRYW1,0.45,10.00,47.7333,-120.5333
EKRW1,1.34,70.00,46.3500,-122.6000
HRFW1,5.36,80.00,48.1578,-124.3150
TMPG4,0.89,320.00,47.6744,-120.2108
MIDW1,2.24,20.00,47.0378,-117.9472
GWFW1,1.34,70.00,47.1500,-121.6000
GRFW1,5.36,30.00,45.9917,-121.0833
WRFW1,0.45,80.00,45.7000,-122.0667
HKFW1,1.79,20.00,46.5000,-123.3833
KOSW1,1.79,40.00,46.5278,-122.2014
KMFW1,1.79,60.00,48.2733,-119.5233
MIPW1,0.00,10.00,46.8922,-123.4153
OLFW1,0.89,210.00,47.7661,-123.9653
PEFW1,0.00,190.00,47.1000,-121.0000
QUFW1,0.00,260.00,47.8231,-122.8831
MEFW1,0.45,350.00,46.9686,-121.0686
PIFW1,0.00,240.00,46.4950,-121.0133
STRW1,0.45,280.00,48.3469,-120.7203
SMFW1,2.24,80.00,48.7500,-122.2167
FWFW1,0.00,320.00,47.2667,-120.6500
TR532,0.89,360.00,47.8764,-118.0961
GTGW4,2.24,20.00,43.7236,-110.7103
QADW4,0.45,350.00,44.9275,-110.9903
RATW4,2.24,170.00,44.5583,-109.2472
WRVW4,0.00,190.00,42.9783,-109.1167
NP018,0.90,208.00,41.5100,-71.3300
NP019,2.60,172.00,41.8100,-71.4000
NP020,4.10,192.00,41.7170,-71.3430
NP022,2.90,212.00,41.7050,-71.1730
NP024,2.20,237.00,41.5850,-71.4080
NP003,1.90,107.00,39.2100,-76.2500
NP004,2.50,58.00,38.3200,-76.4500
NP011,2.10,61.00,37.1700,-75.9900
NP002,3.00,86.00,38.0000,-76.4600
NP010,3.00,137.00,36.9500,-76.4000
NP008,7.90,70.00,36.9700,-76.1100
NP013,0.60,66.00,36.7780,-76.3020
NP025,5.20,67.00,27.8570,-82.5530
NP026,4.40,90.00,27.7600,-82.6270
NP028,2.90,100.00,27.6620,-82.5950
NP029,3.20,77.00,27.9150,-82.4320
NP030,0.70,102.00,29.2830,-94.7830
NP033,0.70,321.00,29.5000,-94.9160
NP034,0.70,34.00,29.6830,-94.9830
NP015,0.00,0.00,40.6400,-74.1470
NP014,0.00,0.00,40.4700,-74.0000
NP017,1.40,174.00,40.8100,-74.0150
NP016,0.00,0.00,40.6570,-74.0650
H0344,0.00,240.00,39.1900,-84.2100
H0004,0.45,200.00,32.7700,-117.0500
H0012,0.00,120.00,32.5800,-97.3500
H0017,1.79,160.00,38.9037,-94.8303
H0019,1.34,200.00,44.1700,-80.3900
H0024,1.34,0.00,45.3380,-123.0960
H0025,0.00,90.00,29.4400,-95.1000
H0299,0.89,140.00,31.3100,-92.4400
H0366,0.89,90.00,35.9030,-93.2550
H0322,1.34,70.00,33.5655,-112.0536
H0031,0.00,350.00,33.5800,-86.0500
H0032,0.00,40.00,36.1500,-86.3500
H0339,1.34,220.00,33.8900,-118.1300
H0252,0.00,120.00,32.6400,-117.0830
H0300,0.89,90.00,38.8000,-122.9900
H0294,0.00,200.00,32.7500,-116.9300
H0346,4.02,160.00,38.6650,-121.1650
H0153,1.34,340.00,39.4388,-123.7824
H0266,2.24,300.00,40.5900,-124.1500
H0158,1.79,210.00,34.6900,-118.1800
H0347,1.34,110.00,38.8850,-121.2980
H0284,0.00,360.00,39.3400,-121.0800
H0267,0.00,210.00,40.5900,-122.3900
H0268,1.79,190.00,38.5423,-121.3695
H0164,1.34,140.00,35.2600,-120.7100
H0269,1.34,120.00,37.0600,-121.6100
H0259,0.00,50.00,37.9800,-122.5200
H0324,0.00,240.00,38.9393,-119.9811
H0348,4.02,220.00,35.1900,-118.6000
H0305,0.89,310.00,38.3000,-104.5700
H0036,0.00,240.00,42.5519,-71.7558
H0040,0.00,230.00,38.3700,-122.8200
H0351,0.00,80.00,28.4840,-80.8030
H0295,0.00,40.00,28.7900,-81.3400
H0270,0.00,240.00,26.1300,-80.1200
H0340,0.00,40.00,28.5300,-81.2000
H0312,1.34,30.00,28.1752,-80.6022
H0315,0.00,90.00,27.8000,-80.4800
H0296,1.34,40.00,34.1461,-84.1069
H0353,0.00,170.00,40.4000,-91.3770
H0246,2.24,180.00,40.7500,-95.6400
H0167,0.00,150.00,47.6500,-116.8800
H0261,0.89,280.00,42.2099,-88.3536
H0109,0.00,220.00,41.3200,-88.3400
H0286,1.34,120.00,43.1500,-93.2000
H0271,0.00,80.00,38.3000,-85.9600
H0191,0.00,100.00,37.0100,-88.5200
H0255,0.00,80.00,32.3908,-93.5740
H0287,0.00,170.00,42.4100,-71.1500
H0272,0.89,210.00,42.2400,-71.5800
H0306,3.13,230.00,42.1969,-70.7212
H0297,0.00,160.00,42.0685,-71.6256
H0334,0.00,80.00,39.1700,-77.2100
H0307,0.00,50.00,44.8100,-93.3100
H0327,0.89,90.00,46.7830,-92.1060
H0273,2.24,340.00,44.4700,-94.8100
H0354,0.00,190.00,45.3060,-93.7940
H0216,0.00,360.00,45.0870,-93.0850
H0342,0.00,60.00,36.4500,-89.9200
H0263,0.00,30.00,35.2800,-81.6800
H0335,1.34,150.00,41.6800,-96.5500
H0355,4.47,140.00,40.7900,-96.6320
H0328,0.00,170.00,42.9290,-71.1880
H0137,0.00,160.00,40.6890,-73.3330
H0357,0.00,150.00,40.7100,-73.6400
H0308,0.00,260.00,41.1700,-73.9600
H0290,0.00,80.00,43.1600,-77.5600
H0141,0.00,230.00,41.1510,-74.1972
H0304,0.00,350.00,40.8436,-73.1768
H0251,0.00,150.00,42.0780,-76.0200
H0291,0.00,0.00,39.2600,-84.5800
H0309,0.00,160.00,40.0100,-83.1100
H0359,0.00,110.00,41.2970,-74.8940
H0044,0.45,30.00,36.8000,-76.3300
H0337,0.00,190.00,41.5500,-71.3000
H0313,0.00,340.00,34.8721,-82.2862
H0329,0.00,210.00,34.6307,-82.5117
H0298,1.34,230.00,44.0449,-103.2330
H0247,4.47,10.00,44.4210,-103.5571
H0292,0.00,40.00,36.0800,-86.9400
H0310,2.68,160.00,32.5100,-99.7300
H0236,0.00,100.00,34.0980,-98.5700
H0202,0.00,140.00,32.9300,-96.9400
H0360,2.24,130.00,33.1540,-97.0640
H0330,0.45,160.00,32.7232,-96.8467
H0311,0.00,150.00,29.5984,-95.1065
H0278,0.89,90.00,32.9320,-96.4590
H0280,0.00,150.00,30.5844,-97.4156
H0362,2.24,190.00,40.7500,-111.8700
H0293,0.00,190.00,38.2500,-78.5300
H0331,0.00,0.00,45.7100,-122.6200
H0282,0.00,140.00,44.7900,-91.5200
H0048,2.24,200.00,39.7500,-104.5000
H0052,0.00,90.00,41.3700,-73.2300
H0059,0.00,80.00,45.8340,-77.1470
H0060,0.00,180.00,40.8200,-74.3020
H0062,0.00,90.00,35.8500,-78.1700
H0068,0.00,60.00,45.5600,-94.1600
H0069,1.79,210.00,44.5400,-91.2400
H0072,3.13,210.00,34.5000,-117.9600
H0083,0.00,150.00,33.6900,-78.8900
H0084,0.45,300.00,35.0500,-85.3100
H0085,0.00,130.00,39.8000,-75.6800
H0086,1.34,80.00,33.5200,-86.8000
H0087,1.79,150.00,33.5300,-82.2400
H0088,0.89,130.00,36.3100,-82.3500
H0089,0.00,170.00,32.3000,-90.1800
H0091,1.34,10.00,30.1600,-85.6600
H0095,0.00,30.00,32.0800,-81.1000
BMTC2,5.81,187.00,39.8700,-105.2970
QURC2,3.93,186.00,39.6390,-104.7690
DHPC2,2.37,163.00,39.7540,-105.0160
EBBC2,5.72,227.00,39.2450,-104.5890
BHNC2,2.64,124.00,39.9930,-104.8170
SQWC2,6.66,203.00,39.6810,-105.4960
HGCC2,0.45,228.00,39.6720,-105.3470
HIGC2,3.26,169.00,39.5620,-105.0190
SAPC2,3.49,225.00,39.4990,-104.7760
COKC2,3.44,180.00,39.3760,-104.8460
WRDC2,1.79,242.00,40.0350,-105.5410
SFSC2,0.45,259.00,40.0180,-105.4040
LEWC2,1.16,158.00,39.9920,-105.1530
CALC2,3.49,208.00,40.1480,-105.3900
BTRC2,0.94,304.00,40.2210,-105.3690
URBC2,3.17,160.00,39.7680,-104.8690
NCARF,2.10,251.00,40.0350,-105.2431
MN001,2.78,105.00,43.5083,-93.3541
MN003,4.17,0.00,44.4785,-93.2924
MN004,1.11,0.00,45.6429,-92.9928
MN006,7.22,130.00,43.6083,-96.3779
MN007,5.28,105.00,43.6373,-95.7699
MN008,3.89,140.00,43.6387,-95.1185
MN009,3.89,95.00,43.6631,-94.1224
MN010,5.28,90.00,43.7272,-92.6814
MN011,3.61,75.00,43.9556,-92.2051
MN012,2.78,80.00,43.9119,-91.5436
MN013,4.72,140.00,46.8468,-96.6681
MN014,4.72,85.00,46.4907,-96.2913
MN015,4.44,105.00,45.8377,-95.3662
MN016,3.06,85.00,45.7131,-94.9314
MN017,2.22,70.00,45.3947,-94.0256
MN018,0.83,170.00,47.8743,-94.4324
MN020,0.56,135.00,46.6882,-93.9545
MN021,3.89,70.00,44.9493,-95.4095
MN022,2.22,110.00,44.9061,-93.9864
MN024,3.33,140.00,48.5724,-96.9149
MN025,1.94,155.00,48.8195,-95.9610
MN026,0.00,125.00,48.6277,-94.0671
MN028,5.56,110.00,44.2703,-96.3200
MN029,3.89,45.00,44.0216,-92.7082
MN030,5.28,105.00,44.4589,-96.4352
MN032,2.78,90.00,44.5432,-94.4141
MN033,5.00,95.00,44.6916,-95.6140
MN035,1.39,130.00,46.1443,-94.1041
MN036,5.28,60.00,45.5582,-96.4939
MN037,2.78,95.00,45.4884,-95.5622
MN038,5.00,90.00,44.0572,-95.5973
MN040,0.56,35.00,43.7193,-91.4368
MN041,0.56,125.00,47.6036,-94.1267
MN042,5.83,125.00,44.4092,-92.8585
MN043,3.33,100.00,45.4324,-94.9324
MN044,1.94,155.00,47.2742,-95.9336
MN045,2.78,25.00,44.0756,-94.3682
MN047,4.17,130.00,44.6010,-92.6978
MN048,1.67,335.00,47.9764,-89.6850
MN049,1.11,150.00,46.9117,-94.7229
MN050,0.00,25.00,46.3398,-93.2620
MN051,0.00,75.00,46.9784,-93.2737
MN052,1.11,130.00,47.8404,-93.4852
MN054,1.67,95.00,46.0431,-96.4942
MN055,1.67,55.00,46.4037,-95.6021
MN056,1.94,90.00,48.4365,-95.7312
MN057,1.94,135.00,48.9709,-97.2017
MN058,2.50,150.00,47.2959,-96.7317
MN059,4.44,50.00,44.9362,-96.4418
MN060,3.06,145.00,47.8683,-96.9168
MN062,3.89,70.00,46.8774,-96.1114
MN063,1.11,100.00,46.4133,-95.0544
MN064,1.94,135.00,45.7665,-94.2328
MN065,1.67,60.00,43.5149,-91.8850
MN066,0.00,325.00,47.2113,-92.4877
MN068,2.78,155.00,47.7704,-96.0010
MN069,1.94,150.00,44.2848,-91.9897
MN071,5.28,100.00,44.0837,-95.1199
MN072,0.00,25.00,48.1346,-93.8785
MN073,2.50,0.00,44.1543,-94.0340
MN075,5.00,70.00,44.5723,-93.8427
MN079,4.44,20.00,44.5436,-93.6248
NP018,0.80,170.00,41.5100,-71.3300
NP020,4.00,193.00,41.7170,-71.3430
NP022,3.60,209.00,41.7050,-71.1730
NP023,1.80,219.00,41.6350,-71.3400
NP024,2.10,237.00,41.5850,-71.4080
NP003,2.10,103.00,39.2100,-76.2500
NP004,3.10,51.00,38.3200,-76.4500
NP002,3.50,78.00,38.0000,-76.4600
NP010,3.30,131.00,36.9500,-76.4000
NP008,8.00,67.00,36.9700,-76.1100
NP013,0.80,65.00,36.7780,-76.3020
NP025,4.70,76.00,27.8570,-82.5530
NP026,4.00,92.00,27.7600,-82.6270
NP028,2.40,96.00,27.6620,-82.5950
NP029,4.60,73.00,27.9150,-82.4320
NP030,1.20,107.00,29.2830,-94.7830
NP033,2.10,303.00,29.5000,-94.9160
NP034,3.20,31.00,29.6830,-94.9830
NP015,0.00,0.00,40.6400,-74.1470
NP014,0.00,0.00,40.4700,-74.0000
NP017,1.30,162.00,40.8100,-74.0150
NP016,0.00,0.00,40.6570,-74.0650
NCARF,1.12,185.00,40.0350,-105.2431
NP018,1.10,162.00,41.5100,-71.3300
NP019,2.30,171.00,41.8100,-71.4000
NP020,4.10,193.00,41.7170,-71.3430
NP022,3.40,214.00,41.7050,-71.1730
NP023,1.30,219.00,41.6350,-71.3400
NP024,2.10,237.00,41.5850,-71.4080
NP003,2.70,103.00,39.2100,-76.2500
NP004,2.90,51.00,38.3200,-76.4500
NP011,1.70,50.00,37.1700,-75.9900
NP002,3.70,82.00,38.0000,-76.4600
NP010,3.30,126.00,36.9500,-76.4000
NP008,7.80,67.00,36.9700,-76.1100
NP013,0.40,61.00,36.7780,-76.3020
NP025,4.50,76.00,27.8570,-82.5530
NP026,4.00,93.00,27.7600,-82.6270
NP028,1.20,93.00,27.6620,-82.5950
NP029,3.90,72.00,27.9150,-82.4320
NP030,1.70,110.00,29.2830,-94.7830
NP033,1.80,301.00,29.5000,-94.9160
NP034,1.00,23.00,29.6830,-94.9830
NP015,0.00,0.00,40.6400,-74.1470
NP014,0.00,0.00,40.4700,-74.0000
NP017,2.10,164.00,40.8100,-74.0150
NP016,0.00,0.00,40.6570,-74.0650
MN001,3.61,95.00,43.5083,-93.3541
MN003,3.89,90.00,44.4785,-93.2924
MN004,0.56,90.00,45.6429,-92.9928
MN006,7.22,135.00,43.6083,-96.3779
MN007,5.28,105.00,43.6373,-95.7699
MN008,3.61,145.00,43.6387,-95.1185
MN009,3.06,115.00,43.6631,-94.1224
MN010,2.50,110.00,43.7272,-92.6814
MN011,2.78,120.00,43.9556,-92.2051
MN012,1.39,30.00,43.9119,-91.5436
MN013,4.17,140.00,46.8468,-96.6681
MN014,5.28,90.00,46.4907,-96.2913
MN015,4.17,105.00,45.8377,-95.3662
MN016,0.83,280.00,45.7131,-94.9314
MN017,1.67,85.00,45.3947,-94.0256
MN018,2.22,175.00,47.8743,-94.4324
MN020,1.39,125.00,46.6882,-93.9545
MN021,4.44,80.00,44.9493,-95.4095
MN022,4.44,100.00,44.9061,-93.9864
MN024,3.61,135.00,48.5724,-96.9149
MN025,2.50,150.00,48.8195,-95.9610
MN026,0.00,135.00,48.6277,-94.0671
MN028,6.67,110.00,44.2703,-96.3200
MN029,1.94,70.00,44.0216,-92.7082
MN030,5.28,115.00,44.4589,-96.4352
MN032,4.17,100.00,44.5432,-94.4141
MN033,5.28,80.00,44.6916,-95.6140
MN035,1.94,125.00,46.1443,-94.1041
MN036,5.00,80.00,45.5582,-96.4939
MN037,4.44,100.00,45.4884,-95.5622
MN038,5.56,90.00,44.0572,-95.5973
MN040,0.56,30.00,43.7193,-91.4368
MN041,0.56,140.00,47.6036,-94.1267
MN042,5.28,110.00,44.4092,-92.8585
MN043,4.17,90.00,45.4324,-94.9324
MN044,2.22,135.00,47.2742,-95.9336
MN045,3.06,20.00,44.0756,-94.3682
MN047,3.06,75.00,44.6010,-92.6978
MN048,1.67,325.00,47.9764,-89.6850
MN049,0.83,210.00,46.9117,-94.7229
MN050,0.00,25.00,46.3398,-93.2620
MN051,0.28,90.00,46.9784,-93.2737
MN052,0.83,145.00,47.8404,-93.4852
MN054,2.50,80.00,46.0431,-96.4942
MN055,0.56,50.00,46.4037,-95.6021
MN056,1.94,110.00,48.4365,-95.7312
MN057,0.28,50.00,48.9709,-97.2017
MN058,4.44,155.00,47.2959,-96.7317
MN059,5.28,35.00,44.9362,-96.4418
MN060,3.06,145.00,47.8683,-96.9168
MN062,1.94,65.00,46.8774,-96.1114
MN063,1.94,40.00,46.4133,-95.0544
MN064,1.67,110.00,45.7665,-94.2328
MN065,2.78,85.00,43.5149,-91.8850
MN066,1.39,165.00,47.2113,-92.4877
MN068,2.78,155.00,47.7704,-96.0010
MN069,1.67,150.00,44.2848,-91.9897
MN071,6.11,105.00,44.0837,-95.1199
MN072,0.28,110.00,48.1346,-93.8785
MN073,3.89,20.00,44.1543,-94.0340
MN075,3.33,65.00,44.5723,-93.8427
MN079,5.56,75.00,44.5436,-93.6248
ANM,11.10,155.00,27.5400,-82.7400
EGK,7.20,73.00,27.6010,-82.7600
MN080,1.39,35.00,46.7166,-92.2514
MN082,0.56,150.00,46.7718,-92.1150
MN083,0.00,305.00,47.0944,-91.5518
MN091,0.00,35.00,46.9241,-92.4131
H0017,0.00,120.00,38.9037,-94.8303
H0312,1.34,70.00,28.1752,-80.6022
H0315,0.00,90.00,27.8000,-80.4800
H0167,0.00,150.00,47.6500,-116.8800
H0291,0.00,0.00,39.2600,-84.5800
H0337,0.00,190.00,41.5500,-71.3000
H0338,0.00,350.00,34.9100,-82.0000
H0202,0.00,140.00,32.9300,-96.9400
H0048,2.68,180.00,39.7500,-104.5000
H0095,0.00,80.00,32.0800,-81.1000
NP029,2.80,47.00,27.9150,-82.4320
MN001,3.89,120.00,43.5083,-93.3541
MN003,3.06,90.00,44.4785,-93.2924
MN004,0.00,60.00,45.6429,-92.9928
MN006,6.94,135.00,43.6083,-96.3779
MN007,5.28,115.00,43.6373,-95.7699
MN010,1.67,145.00,43.7272,-92.6814
MN011,3.33,85.00,43.9556,-92.2051
MN012,1.39,50.00,43.9119,-91.5436
MN013,3.89,140.00,46.8468,-96.6681
MN014,3.89,95.00,46.4907,-96.2913
MN016,0.83,130.00,45.7131,-94.9314
MN017,1.67,55.00,45.3947,-94.0256
MN018,1.39,200.00,47.8743,-94.4324
MN022,2.50,80.00,44.9061,-93.9864
MN026,0.56,115.00,48.6277,-94.0671
MN028,5.00,110.00,44.2703,-96.3200
MN029,3.33,50.00,44.0216,-92.7082
MN030,5.56,110.00,44.4589,-96.4352
MN032,4.44,90.00,44.5432,-94.4141
MN033,1.94,90.00,44.6916,-95.6140
MN035,2.22,100.00,46.1443,-94.1041
MN036,5.28,65.00,45.5582,-96.4939
MN037,3.06,100.00,45.4884,-95.5622
MN038,5.28,95.00,44.0572,-95.5973
MN040,0.56,320.00,43.7193,-91.4368
MN041,0.56,115.00,47.6036,-94.1267
MN042,4.17,135.00,44.4092,-92.8585
MN043,3.06,75.00,45.4324,-94.9324
MN044,1.94,150.00,47.2742,-95.9336
MN045,3.33,25.00,44.0756,-94.3682
MN047,3.33,65.00,44.6010,-92.6978
MN048,1.39,330.00,47.9764,-89.6850
MN049,0.28,150.00,46.9117,-94.7229
MN050,0.00,40.00,46.3398,-93.2620
MN051,0.28,85.00,46.9784,-93.2737
MN052,0.56,100.00,47.8404,-93.4852
MN054,2.78,80.00,46.0431,-96.4942
MN055,1.11,35.00,46.4037,-95.6021
MN056,1.94,120.00,48.4365,-95.7312
MN057,1.39,110.00,48.9709,-97.2017
MN059,3.61,10.00,44.9362,-96.4418
MN060,2.22,130.00,47.8683,-96.9168
MN062,3.61,50.00,46.8774,-96.1114
MN063,2.22,55.00,46.4133,-95.0544
MN064,2.22,125.00,45.7665,-94.2328
MN065,5.00,35.00,43.5149,-91.8850
MN066,1.11,175.00,47.2113,-92.4877
MN068,2.78,155.00,47.7704,-96.0010
MN071,5.56,110.00,44.0837,-95.1199
MN072,0.00,150.00,48.1346,-93.8785
MN073,3.06,30.00,44.1543,-94.0340
MN075,2.22,85.00,44.5723,-93.8427
F1274,1.34,100.00,60.4833,-149.7667
F1291,0.89,80.00,60.7275,-149.2870
F1297,0.00,220.00,66.2167,-155.6667
F1302,4.02,280.00,62.6000,-142.0833
F1304,2.68,10.00,64.4256,-158.1058
F1306,3.13,210.00,66.0933,-152.1700
F1310,0.45,140.00,60.3667,-149.4000
F1311,0.45,170.00,60.5917,-150.3167
F1314,2.68,260.00,60.3200,-160.2000
F1330,0.00,40.00,64.1050,-155.5583
F1333,4.47,320.00,65.4000,-164.6500
F1358,0.89,30.00,56.3000,-132.8333
QCAA3,0.89,210.00,31.4450,-110.2800
QCGA3,0.89,360.00,32.7039,-109.9139
QCKA3,0.89,230.00,34.2083,-112.3333
QDLA3,0.89,290.00,33.3597,-109.8331
QDPA3,0.00,170.00,36.4500,-112.2400
QFSA3,2.24,170.00,36.7939,-112.0422
QLCA3,3.58,180.00,34.1789,-110.2736
QPPA3,5.81,210.00,36.7278,-111.8220
TR072,0.45,160.00,36.4517,-112.3436
QHVA3,0.45,120.00,32.2056,-110.5481
QSBA3,2.24,230.00,31.6908,-111.4500
QHQA3,4.02,180.00,34.1158,-113.3472
QSLA3,1.34,20.00,32.4033,-110.7117
TR075,0.00,310.00,33.8895,-110.9011
F1373,0.00,200.00,49.0003,-120.6475
ATNC1,2.68,210.00,34.4458,-118.2000
ALDC1,0.45,340.00,40.1867,-123.5903
ECKC1,0.00,100.00,39.6514,-122.7236
ANEC1,0.00,150.00,32.8336,-116.7392
PLIC1,6.71,280.00,40.3983,-122.8333
MCCC1,0.00,40.00,41.2769,-121.9794
BABC1,1.34,280.00,40.8892,-123.1422
BNGC1,0.00,160.00,39.3983,-121.4000
BEVC1,2.68,290.00,35.1397,-118.6250
BENC1,1.34,340.00,38.6014,-120.9464
BVRC1,1.79,170.00,34.1250,-118.4122
BGBC1,0.89,320.00,40.7433,-123.2500
BKRC1,0.00,310.00,36.0931,-118.2614
BDOC1,0.45,330.00,41.0547,-120.3375
BUGC1,1.34,350.00,41.2733,-123.1900
BNVC1,2.24,350.00,38.9872,-123.3625
BZRC1,0.00,30.00,41.6853,-122.5942
BKSC1,2.24,200.00,38.7194,-122.1422
BCNC1,1.79,280.00,34.2103,-116.6339
PEAC1,9.39,230.00,37.5531,-121.8439
CLNC1,0.45,150.00,41.3153,-122.8000
TR520,1.34,250.00,38.2311,-121.0111
CNIC1,4.47,140.00,34.3617,-118.4217
CNYC1,0.45,250.00,41.4342,-120.8678
CDEC1,0.45,160.00,40.0686,-121.5825
CSPC1,0.00,280.00,33.4453,-117.4181
TR376,0.89,120.00,40.0017,-120.9161
CGVC1,0.00,10.00,36.7878,-118.6561
TR117,4.92,280.00,41.1708,-120.0583
CEEC1,3.58,110.00,34.1847,-118.7172
CICC1,3.13,140.00,39.7119,-121.7789
CHOC1,4.47,110.00,34.3333,-118.0333
CMOC1,1.79,250.00,34.1370,-117.7069
CTGC1,0.45,210.00,33.3722,-117.3589
CSTC1,0.89,360.00,39.8700,-121.7692
CRGC1,2.68,180.00,39.9389,-122.1697
CNAC1,0.45,320.00,33.8744,-117.5492
WISC1,2.68,240.00,39.0189,-122.4119
TR247,4.02,220.00,34.0519,-116.3339
CRZC1,0.00,290.00,41.9919,-123.6036
CRVC1,0.45,70.00,37.7450,-118.9833
DLVC1,1.34,200.00,34.4311,-118.6828
TR411,0.00,140.00,35.5317,-118.1303
DENC1,0.00,200.00,32.8569,-116.6222
ATSC1,1.34,350.00,41.5300,-120.6714
DPPC1,0.00,200.00,37.6300,-119.0933
DOGC1,0.45,170.00,39.5619,-120.0478
DRSC1,3.58,350.00,39.3289,-121.1081
DYLC1,0.45,110.00,40.0222,-120.1056
EELC1,0.00,160.00,39.8333,-123.0833
TR130,0.89,140.00,35.8636,-121.1242
RTFC1,4.47,280.00,36.6269,-121.7981
RTGC1,4.47,260.00,36.6269,-121.7864
GQEC1,0.45,340.00,41.8458,-123.9792
TR420,0.00,350.00,41.7819,-122.0450
GOSC1,0.00,90.00,33.0736,-116.8458
GNTC1,6.26,20.00,34.5356,-117.0258
GRSC1,0.45,320.00,40.7828,-120.7817
HWKC1,3.13,310.00,38.7817,-122.9169
TMPB6,0.00,270.00,40.5500,-123.1650
TR352,1.34,220.00,37.3147,-119.0392
HOAC1,0.89,340.00,41.0483,-123.6733
HLKC1,1.79,170.00,40.6306,-120.5028
JWBC1,4.92,310.00,35.2947,-118.2264
JSNC1,1.34,270.00,35.9717,-118.5450
JTAC1,0.89,320.00,41.7861,-122.0055
KRNC1,0.00,330.00,35.7550,-118.4167
KELC1,4.92,280.00,38.9136,-122.7150
LDRC1,1.79,330.00,40.8072,-121.2967
LTRC1,12.96,200.00,37.8339,-122.0669
LSNC1,0.00,80.00,40.3442,-121.7136
LCBC1,1.79,260.00,34.0456,-118.9358
LICC1,0.89,120.00,38.8825,-121.2683
LOAC1,2.68,80.00,37.3581,-122.1472
TR152,0.00,170.00,38.5833,-119.1833
MDDC1,0.45,260.00,40.4633,-123.5239
MBUC1,0.00,120.00,34.0583,-118.6333
MPCC1,0.45,80.00,40.7964,-123.9367
MCGC1,0.45,250.00,39.3522,-123.5961
MNLC1,2.24,190.00,34.3906,-116.5169
TR391,0.00,260.00,41.6670,-121.0078
MLCC1,2.68,190.00,34.3833,-118.0822
MTZC1,1.34,70.00,38.3895,-120.6511
NOFC1,0.00,150.00,37.2317,-119.5017
IDPC1,3.13,290.00,36.8425,-118.2595
OMTC1,0.45,350.00,41.0064,-121.9833
OORC1,0.45,350.00,36.1758,-118.7083
ONOC1,8.94,200.00,37.8653,-122.2208
OPLC1,5.36,270.00,35.1542,-117.1756
PRGC1,0.45,310.00,36.7242,-118.9425
PMCC1,3.58,270.00,40.2883,-122.8717
PLTC1,0.45,110.00,38.8325,-121.0086
PHRC1,2.24,40.00,36.6853,-119.0000
PPPC1,8.05,210.00,34.7325,-118.3833
PUGC1,2.68,290.00,37.4750,-122.2981
QTZC1,2.24,260.00,41.5997,-122.9328
MKGC1,0.00,320.00,36.4069,-118.4217
TR183,1.79,210.00,40.5158,-122.2906
RDVC1,4.47,10.00,39.6683,-123.3200
RSPC1,2.24,160.00,37.5019,-121.7355
RNDC1,2.24,200.00,41.4272,-121.4639
NWRC1,3.13,200.00,39.4172,-122.1825
SDLC1,3.58,80.00,34.6847,-117.8208
SLWC1,4.47,260.00,37.1822,-120.7939
MIGC1,1.34,190.00,32.6850,-116.9736
SRTC1,2.24,320.00,36.3478,-120.5978
RSAC1,0.00,350.00,38.4789,-122.7119
SAUC1,1.34,190.00,34.4250,-118.5250
SWBC1,0.00,70.00,41.3000,-123.1292
CFCC1,0.00,100.00,41.1117,-122.6967
SETC1,0.45,250.00,39.1844,-120.8833
OKPC1,0.45,220.00,34.2911,-118.8145
SMSC1,0.00,330.00,41.0750,-122.3733
ATRC1,2.68,300.00,41.8639,-123.3542
SOAC1,0.00,30.00,39.4333,-122.9833
SDRC1,1.79,260.00,40.9258,-121.5856
SQSC1,9.39,230.00,35.3700,-117.5683
TR151,0.00,160.00,41.3042,-123.5369
SYFC1,0.00,280.00,39.3833,-122.5500
HUMC1,0.00,290.00,36.7267,-118.6750
SLFC1,1.79,330.00,40.9167,-122.4383
TANC1,0.00,290.00,34.1667,-117.7667
TCKC1,1.34,10.00,39.8644,-122.6097
TCAC1,1.34,160.00,40.6789,-122.8331
TMPE3,0.00,110.00,35.8000,-118.6000
VABC1,0.00,20.00,41.6367,-121.7867
WALC1,0.89,130.00,38.5653,-119.4592
ONYC1,2.68,290.00,35.6647,-118.0570
WMSC1,1.79,270.00,34.5833,-118.5500
TMPE4,0.00,100.00,40.7350,-122.9433
WEEC1,2.24,120.00,41.4789,-122.4539
WWDC1,2.68,280.00,40.3067,-120.9000
WITC1,0.00,40.00,40.6203,-121.9039
WTHC1,2.24,150.00,35.9839,-118.0100
WVTC1,0.45,300.00,36.4450,-118.7033
TOMC1,0.00,300.00,40.3383,-123.0650
BAWC2,1.79,290.00,39.4042,-105.4917
BHRC2,8.94,210.00,37.0203,-106.2005
BLPC2,2.24,280.00,37.7978,-106.7792
BTAC2,2.68,240.00,40.0111,-105.3347
CHRC2,2.24,210.00,39.1814,-104.2672
CEKC2,2.24,310.00,39.6400,-105.4647
CUHC2,0.89,140.00,37.0969,-104.9214
DHOC2,4.02,40.00,40.0786,-107.3681
DMMC2,6.26,130.00,39.4600,-108.8800
DYKC2,2.68,90.00,37.1903,-107.2906
DJTC2,7.15,80.00,39.6269,-106.4517
DRYC2,2.24,120.00,40.5350,-106.7808
ESPC2,0.00,320.00,40.3667,-105.5500
FCRC2,2.24,50.00,38.6586,-104.8539
LKGC2,0.89,100.00,38.9772,-105.3553
LDRC2,7.15,160.00,38.9692,-108.9444
LUJC2,4.02,150.00,38.2544,-106.5678
MPRC2,3.58,170.00,39.1267,-107.2847
PNRC2,1.79,60.00,39.2603,-108.4072
CCEC2,7.60,220.00,37.9056,-104.0556
PCPC2,0.00,30.00,40.0978,-106.6464
TR206,0.89,140.00,39.3833,-105.2667
TR208,0.89,180.00,38.2869,-105.6814
RDKC2,1.79,310.00,38.8272,-106.2111
RFRC2,0.89,250.00,40.7980,-105.5722
SAWC2,3.58,160.00,37.6511,-108.5364
SDVC2,3.58,130.00,37.0994,-107.3028
SPKC2,2.68,160.00,38.1917,-108.2167
SODC2,2.24,110.00,39.5600,-105.9864
TAPC2,1.79,250.00,38.9078,-106.6017
WLCC2,3.13,190.00,38.0039,-105.0564
WICC2,4.47,200.00,40.3514,-105.2153
F1467,1.79,60.00,26.2483,-81.2967
F1798,1.79,80.00,25.8500,-81.0300
F1468,1.34,90.00,25.9167,-81.2833
F1469,0.00,110.00,25.9708,-80.9000
F1470,0.89,110.00,25.6097,-80.8503
F1731,4.92,80.00,20.5089,-156.6817
F1472,6.26,100.00,21.6792,-157.9894
F1732,8.94,80.00,20.5222,-156.5658
F1733,8.05,100.00,20.5436,-156.6408
F1734,9.83,90.00,20.5625,-156.5631
F1476,0.45,270.00,21.5261,-158.2042
F1477,0.45,150.00,21.5286,-158.2261
F1478,2.68,40.00,21.5428,-158.1989
F1479,4.47,40.00,19.3253,-155.2911
F1480,8.05,100.00,19.6828,-155.5453
F1481,0.45,170.00,19.6669,-155.7078
F1482,2.24,110.00,19.7456,-155.6272
F1483,0.89,150.00,19.7717,-155.7022
F1484,1.34,110.00,21.4950,-158.0819
F1485,1.79,70.00,21.4994,-157.9933
F1486,0.45,90.00,20.5097,-158.0828
BULI1,2.68,40.00,42.0800,-114.4847
GRAI1,1.34,310.00,42.5372,-111.8547
TR524,1.79,130.00,43.0497,-111.3794
IPFI1,1.34,90.00,44.4167,-111.3833
TR243,0.00,330.00,45.5336,-115.3142
MYFI1,0.00,230.00,43.6500,-111.5792
TR514,3.58,180.00,43.0283,-115.8700
MKBI1,2.68,300.00,44.1625,-113.3944
OHOI1,2.24,30.00,43.6008,-114.3158
PCNI1,4.02,80.00,42.8945,-111.8406
PBUI1,2.68,320.00,43.2261,-113.5744
RFTI1,0.00,300.00,42.5478,-113.2595
RDKI1,8.94,220.00,44.1625,-114.0125
ROCI1,2.68,360.00,42.9717,-114.0631
SMYI1,2.24,340.00,45.1500,-113.9333
TR368,0.89,160.00,44.6319,-115.4178
TRII1,1.79,80.00,42.8286,-116.5886
TWBI1,4.92,130.00,42.6906,-115.1953
F1786,1.34,270.00,36.6153,-83.7625
F1816,3.13,230.00,44.3769,-68.2608
F1672,0.89,160.00,45.1144,-67.2819
F1661,3.13,310.00,48.1086,-88.5467
F1662,1.34,330.00,47.9117,-89.1547
F1719,0.89,280.00,47.9833,-91.4533
LMRM8,1.34,300.00,44.6867,-112.5417
LCFM8,3.58,110.00,47.0167,-105.8167
BLUM8,2.68,40.00,48.8719,-106.9456
BSHM8,2.24,90.00,45.0553,-105.9483
CACM8,2.68,130.00,46.4847,-104.0658
DBCM8,2.68,190.00,47.2442,-108.3575
JESN5,1.79,290.00,43.6497,-110.0206
HRWM8,0.00,30.00,46.7186,-112.0017
KIGM8,3.13,160.00,47.7980,-107.0233
LBHM8,1.34,90.00,45.5697,-107.4358
LBCM8,1.34,50.00,47.8139,-109.0167
LSNM8,0.45,310.00,46.7511,-109.0233
MCDM8,3.13,10.00,47.7028,-108.4786
NBRM8,1.79,110.00,47.3908,-107.6406
PNHM8,2.68,140.00,46.7769,-104.5797
SBFM8,3.13,330.00,45.1994,-108.7919
STVM8,1.34,190.00,46.5131,-114.0911
STKM8,1.79,330.00,46.8536,-113.3939
TR300,0.45,70.00,48.5106,-113.9942
ALDM8,0.45,200.00,47.9225,-108.5528
F1563,2.68,30.00,34.0483,-78.2903
F1764,2.24,60.00,34.0028,-77.9581
F1565,0.89,50.00,34.3361,-78.7286
HSYN1,5.81,180.00,41.8975,-100.3108
HRSN1,3.58,140.00,42.7239,-102.9714
TR471,1.79,90.00,41.8167,-103.7000
BATN5,1.34,60.00,32.1786,-104.4419
ACON5,4.47,120.00,34.7194,-107.8475
TR307,6.71,90.00,32.7789,-105.8194
TR221,0.00,290.00,32.8739,-105.5722
TR364,6.71,110.00,35.9217,-106.3228
TMPF9,3.58,90.00,33.1667,-105.8333
PJRN5,2.24,230.00,35.8744,-106.3628
TR313,4.92,150.00,35.9258,-106.3836
COPN5,0.89,280.00,33.3500,-105.6667
TR315,3.58,210.00,36.7653,-105.7958
TR381,4.92,190.00,36.2100,-105.7603
WTRN5,2.24,210.00,35.8425,-106.3722
ALRN2,1.34,170.00,41.6847,-116.7644
ARGN2,1.34,70.00,40.6431,-116.6983
BRLN2,1.34,210.00,41.9111,-119.9389
CATN2,0.45,90.00,41.9200,-119.4950
CTLN2,1.79,160.00,38.9036,-114.8142
COIN2,3.13,350.00,39.8333,-116.4917
CCRN2,4.47,130.00,38.7586,-115.4128
GDNN2,4.02,200.00,39.2922,-114.8361
FOXN2,1.34,340.00,41.0092,-119.5631
JSPN2,0.00,270.00,41.0808,-119.7764
RBTN2,3.13,110.00,39.9833,-117.3167
SPGN2,5.81,360.00,40.5931,-114.2028
TEXN2,1.79,140.00,41.8017,-118.4508
BKFO3,5.36,360.00,42.7000,-124.0333
BAFO3,2.68,20.00,43.5555,-118.4042
BYFO3,0.89,160.00,44.6700,-117.9336
BRUO3,2.24,230.00,44.2833,-122.8500
CAFO3,1.79,350.00,43.5000,-121.0500
CIFO3,0.00,140.00,43.2503,-122.1497
PTFO3,0.00,300.00,42.5500,-120.6200
CGFO3,0.45,220.00,44.3158,-121.6056
EMFO3,0.89,150.00,43.4675,-122.2175
FEFO3,0.00,20.00,43.7333,-122.2833
FKFO3,3.13,280.00,43.4250,-120.8417
FLFO3,1.79,10.00,42.9736,-119.2461
TMP86,1.79,300.00,45.3192,-116.8675
HBFO3,0.00,90.00,43.7139,-122.8350
LOFO3,0.00,230.00,43.9050,-123.3800
HSFO3,0.45,240.00,44.9406,-122.4003
TR356,0.89,90.00,42.0136,-117.6681
TR328,0.00,110.00,45.3539,-117.6328
OOFO3,3.13,110.00,42.8597,-118.6706
MGFO3,3.13,310.00,44.5167,-117.2833
MSFO3,0.00,30.00,42.9372,-122.4353
YNFO3,1.34,300.00,43.6389,-123.3258
NPFO3,5.36,30.00,45.0283,-120.5389
OMFO3,4.92,10.00,42.3000,-123.4000
OWFO3,5.36,30.00,43.5833,-117.2333
ARFO3,2.24,150.00,42.1058,-122.2781
PAFO3,1.79,10.00,45.3222,-120.9250
PEFO3,0.89,170.00,44.2333,-121.9833
PWFO3,1.79,310.00,42.8708,-124.0625
QPFO3,0.00,40.00,42.2167,-124.0333
RTFO3,3.58,10.00,43.5361,-117.8347
RLFO3,8.49,80.00,43.1006,-118.4980
BTFO3,0.00,50.00,45.6817,-117.2064
RCRO3,1.79,260.00,42.5475,-119.6564
RNFO3,1.79,60.00,43.7639,-121.7167
BDFO3,0.00,310.00,45.2167,-123.5333
SLTO3,0.00,190.00,44.0444,-120.6661
SAFO3,0.00,50.00,44.8850,-117.3383
TOFO3,0.00,140.00,43.2397,-122.4000
TCFO3,1.34,290.00,44.1133,-122.5769
TUFO3,1.79,30.00,45.0708,-119.4900
NS077,2.24,230.00,45.9167,-119.5667
VCFO3,0.00,90.00,44.2522,-123.4672
WTFO3,5.81,30.00,43.3400,-119.8814
WKFO3,0.00,310.00,44.3325,-123.7164
TR333,0.00,230.00,44.5264,-118.3231
YEFO3,0.89,30.00,44.6000,-122.4167
DOHS2,3.58,200.00,43.9792,-103.4250
CAMS2,2.24,100.00,45.5625,-103.9917
CRRS2,0.00,360.00,43.7500,-103.6333
NMOS2,0.89,340.00,44.1917,-103.5097
RDCS2,0.45,350.00,43.4258,-103.7589
F1608,0.00,180.00,36.4750,-84.6542
F1788,0.00,20.00,35.6197,-83.2069
F1789,0.89,60.00,35.6236,-83.8083
F1752,0.00,40.00,36.1333,-82.4500
TR476,2.24,50.00,29.6617,-96.2597
TR477,1.79,140.00,30.5661,-98.0389
TR521,0.45,120.00,32.6583,-94.1164
TR501,0.89,30.00,28.3667,-98.1167
GLMT2,0.45,290.00,32.7017,-94.9447
TR479,0.45,80.00,33.0353,-96.1639
TR483,0.00,190.00,30.5403,-94.3411
BAEU1,3.58,230.00,39.9675,-111.7292
TR397,0.00,260.00,39.9258,-111.7303
BEZU1,1.79,160.00,37.1886,-113.9392
BSTU1,3.58,140.00,38.3083,-113.3847
BCRU1,4.02,330.00,39.2933,-109.2372
TR336,0.00,210.00,38.0911,-112.0161
TR229,1.34,150.00,37.8825,-106.4169
JSPU1,2.24,10.00,38.0333,-113.5167
KPRU1,0.00,250.00,40.8605,-109.1022
LPRU1,0.00,310.00,37.3917,-113.0389
MCKU1,2.24,170.00,39.6339,-109.2658
NLPU1,2.24,160.00,37.8547,-109.8389
RVZU1,0.00,110.00,40.1178,-111.2747
TFRU1,3.58,250.00,37.2000,-112.0250
TR517,0.00,330.00,40.2847,-109.8617
UPRU1,3.13,170.00,39.4678,-109.2836
USWU1,2.24,190.00,39.7136,-109.4461
WNTU1,3.13,200.00,39.5033,-109.5572
SFLU1,0.45,40.00,40.2831,-109.2900
BMFW1,0.00,50.00,48.5353,-118.6889
NS092,2.24,10.00,46.8814,-119.3242
DOUW1,4.02,350.00,47.6200,-119.8983
DIFW1,1.34,350.00,48.1156,-120.1031
FIFW1,0.00,340.00,48.4028,-121.7903
TLFW1,0.00,120.00,47.4536,-121.6658
FBFW1,0.00,110.00,48.6172,-120.1075
GMFW1,1.79,30.00,48.1806,-118.4636
SKKW1,0.45,40.00,47.8000,-121.3000
JUFW1,1.34,280.00,46.3650,-118.8794
LCFW1,0.45,10.00,48.6167,-118.2555
LEFW1,1.34,20.00,48.2506,-120.0020
LSFW1,0.45,130.00,47.2083,-121.5250
TR530,1.79,120.00,48.4608,-117.7331
TR374,0.89,170.00,46.2625,-120.8622
NCSW1,0.45,320.00,48.4253,-120.1408
NEFW1,0.00,160.00,48.1356,-118.9631
OMFW1,0.00,350.00,48.9469,-118.3019
PMFW1,0.89,80.00,48.3892,-117.5828
PEOW1,0.89,10.00,48.6011,-119.2153
TR375,0.45,330.00,46.2269,-121.1375
TR531,0.89,80.00,47.4175,-117.5283
WPFW1,3.13,360.00,48.5253,-120.6472
ANDW4,5.36,60.00,42.4372,-108.9408
BRLW4,0.45,330.00,44.5972,-104.4275
TR370,4.02,160.00,44.9414,-107.7089
BUJW4,3.58,230.00,44.7853,-107.5347
ERAW4,2.68,80.00,43.8397,-110.3708
CMRW4,1.79,120.00,42.7131,-106.3461
COWW4,5.36,90.00,41.2708,-107.5819
CDAW4,1.34,250.00,44.8503,-109.6114
DODW4,2.24,60.00,41.9675,-105.5194
EGLW4,0.00,310.00,44.4856,-109.8964
ECEW4,4.47,170.00,44.4667,-105.8461
ELKW4,0.89,70.00,43.6795,-109.6111
ESTW4,3.13,170.00,42.4153,-105.3611
RSNW4,1.34,160.00,42.8564,-107.2722
GCRW4,3.13,210.00,43.8936,-108.8556
HAFW4,0.00,110.00,42.9147,-109.7472
HOBW4,0.00,330.00,43.2203,-110.4230
HHRW4,2.68,100.00,44.3011,-107.5069
TR371,6.71,70.00,44.1067,-107.2239
MCRW4,0.89,180.00,44.4556,-107.4500
MUDW4,0.89,60.00,41.4000,-110.5528
PCRW4,0.89,280.00,43.5614,-106.9669
RASW4,0.00,190.00,43.4722,-110.0183
RHKW4,4.02,100.00,43.5506,-105.0917
SAWW4,0.45,310.00,41.0747,-106.1319
SPKW4,1.79,230.00,44.3064,-106.9819
TR350,0.00,290.00,43.9394,-109.2019
SHFW4,2.24,300.00,44.7231,-109.3225
BPYW4,0.00,210.00,42.4908,-110.5267
SNOW4,1.79,110.00,41.4175,-109.0361
SPLW4,10.73,140.00,43.5606,-107.3975
MN093,0.00,0.00,47.0675,-91.5931
MN081,2.50,119.00,46.7485,-92.1000
MN095,0.00,0.00,46.7341,-92.0971
MN093,0.00,357.00,47.0675,-91.5931
MN081,2.22,127.00,46.7485,-92.1000
F1277,1.34,300.00,65.0167,-148.5833
F1280,3.58,160.00,61.5319,-144.4397
F1284,0.00,280.00,64.8367,-147.6150
F1298,0.89,250.00,59.7458,-151.2083
F1303,0.89,310.00,58.3622,-134.5711
F1305,0.89,300.00,56.9500,-134.0000
F1334,0.00,120.00,61.0917,-149.7305
F1348,1.79,190.00,61.6467,-156.4333
F1350,1.34,300.00,63.7533,-143.8167
F1355,1.34,330.00,64.3150,-151.0833
F1356,0.00,100.00,63.4903,-150.8714
QPAA3,1.79,80.00,34.2431,-111.3028
AMOC1,2.24,220.00,33.3814,-117.2856
HTRC1,7.15,200.00,36.5625,-117.4736
TR146,0.45,300.00,40.2833,-121.2000
PIEC1,1.34,360.00,40.2464,-120.6433
TR189,0.00,170.00,41.8528,-122.8500
TLGC1,0.45,110.00,33.4781,-117.4858
TMPE8,4.92,180.00,44.2297,-115.2469
LUFI1,4.02,330.00,43.5875,-115.9925
F1519,0.00,170.00,31.4206,-90.8353
BRTM8,0.45,350.00,44.9936,-108.3483
TR268,0.45,140.00,47.5361,-113.7172
FBLM8,1.34,250.00,48.3042,-108.7189
POPM8,4.47,100.00,48.1269,-105.0731
TNDM8,0.89,60.00,46.9142,-110.8528
F1801,0.00,350.00,35.8167,-81.9372
F1564,1.79,80.00,34.9600,-79.6900
LVPN5,0.45,310.00,35.5583,-105.4833
FLSN2,1.79,320.00,39.8497,-116.5581
BGFO3,2.68,320.00,44.0300,-120.4000
OKFO3,0.00,290.00,43.5233,-121.8133
BOFO3,0.45,30.00,44.9833,-122.0000
IRFO3,4.02,340.00,44.3231,-119.7669
CNFO3,2.68,330.00,44.3489,-123.8853
CEFO3,0.00,60.00,44.9711,-118.9297
CDFO3,4.02,40.00,45.2117,-123.7719
CSFO3,0.45,340.00,44.3500,-120.1300
RBFO3,0.00,150.00,42.2833,-122.3167
DUNO3,3.58,330.00,43.9578,-124.1197
GPFO3,0.00,240.00,43.9281,-123.8903
SLFO3,0.45,340.00,44.4625,-120.2936
SQFO3,1.79,40.00,42.0667,-123.0167
SRFO3,0.00,270.00,42.1500,-123.0667
BBFO3,0.00,210.00,42.6889,-122.4683
CGFW1,0.89,130.00,47.9167,-123.1172
KTLW1,0.00,210.00,48.6083,-118.1195
MDRW1,1.34,20.00,47.9383,-118.0936
TOFW1,0.00,150.00,48.0167,-123.9167
